size_token	inset_token	computed_width	computed_height	right	bottom	panel_rect	pseudo_rect	capture_file	sha256	raw_components	post_bbox	gaps
8.70	7.00	8.6875px	8.6875px	7px	7px	[604.2838745117188,166.71148681640625,1034.9881591796875,719.7614135742188]	[1019.3006591796875,704.0739135742188,1027.9881591796875,712.7614135742188]	/tmp/webui-craft-round4-s8.70-i7.00.png	6a8afdfbd0cfa222526f7c2d36fc8e4662938955951c6b38597ff3143cf37bce	(1991,1359)-(2060,1428)/139/touch=0/min=1/selected=0;(2029,1398)-(2050,1418)/248/touch=0/min=1/selected=1	(2029,1398)-(2050,1418)	20,20
8.70	6.99	8.6875px	8.6875px	6.99px	6.99px	[604.2838745117188,166.71148681640625,1034.9881591796875,719.7614135742188]	[1019.3106591796875,704.0839135742187,1027.9981591796875,712.7714135742187]	/tmp/webui-craft-round4-s8.70-i6.99.png	247e97f3a0c0dc0c3f2c1066adbea730cde73b36b239ffccc046819b0e1d98bd	(1991,1359)-(2060,1428)/139/touch=0/min=1/selected=0;(2029,1398)-(2050,1418)/252/touch=0/min=1/selected=1	(2029,1398)-(2050,1418)	20,20
8.70	6.98	8.6875px	8.6875px	6.98px	6.98px	[604.2838745117188,166.71148681640625,1034.9881591796875,719.7614135742188]	[1019.3206591796875,704.0939135742187,1028.0081591796875,712.7814135742187]	/tmp/webui-craft-round4-s8.70-i6.98.png	a49c344cc4e87236aa8c88e859e3858f198951805395ea7bfcc4a05a1ff9fd12	(1991,1359)-(2060,1428)/139/touch=0/min=1/selected=0;(2029,1398)-(2050,1418)/252/touch=0/min=1/selected=1	(2029,1398)-(2050,1418)	20,20
8.70	6.97	8.6875px	8.6875px	6.97px	6.97px	[604.2838745117188,166.71148681640625,1034.9881591796875,719.7614135742188]	[1019.3306591796875,704.1039135742187,1028.0181591796875,712.7914135742187]	/tmp/webui-craft-round4-s8.70-i6.97.png	a49c344cc4e87236aa8c88e859e3858f198951805395ea7bfcc4a05a1ff9fd12	(1991,1359)-(2060,1428)/139/touch=0/min=1/selected=0;(2029,1398)-(2050,1418)/252/touch=0/min=1/selected=1	(2029,1398)-(2050,1418)	20,20
8.70	6.96	8.6875px	8.6875px	6.96px	6.96px	[604.2838745117188,166.71148681640625,1034.9881591796875,719.7614135742188]	[1019.3406591796875,704.1139135742187,1028.0281591796875,712.8014135742187]	/tmp/webui-craft-round4-s8.70-i6.96.png	8a06a8717ce5001fa53d4a0d3db3b9372fa85a2bf4cceb5609744384ef5be427	(1991,1359)-(2060,1428)/139/touch=0/min=1/selected=0;(2029,1398)-(2050,1418)/252/touch=0/min=1/selected=1	(2029,1398)-(2050,1418)	20,20
8.70	6.94	8.6875px	8.6875px	6.94px	6.94px	[604.2838745117188,166.71148681640625,1034.9881591796875,719.7614135742188]	[1019.3606591796874,704.1339135742187,1028.0481591796874,712.8214135742187]	/tmp/webui-craft-round4-s8.70-i6.94.png	75d15dac4e1709ed68655b8cd27c00b25cb3b23ba7e7583eb1acc3449c264897	(1991,1359)-(2060,1428)/139/touch=0/min=1/selected=0;(2029,1398)-(2050,1418)/252/touch=0/min=1/selected=1	(2029,1398)-(2050,1418)	20,20
8.70	6.93	8.6875px	8.6875px	6.93px	6.93px	[604.2838745117188,166.71148681640625,1034.9881591796875,719.7614135742188]	[1019.3706591796874,704.1439135742188,1028.0581591796874,712.8314135742188]	/tmp/webui-craft-round4-s8.70-i6.93.png	43062af0f22acae116ee22792446175675ccfb04002f7896bd5fb2e50556dc3d	(1991,1359)-(2060,1428)/139/touch=0/min=1/selected=0;(2029,1398)-(2050,1418)/252/touch=0/min=1/selected=1	(2029,1398)-(2050,1418)	20,20
8.70	6.91	8.6875px	8.6875px	6.91px	6.91px	[604.2838745117188,166.71148681640625,1034.9881591796875,719.7614135742188]	[1019.3906591796874,704.1639135742188,1028.0781591796874,712.8514135742188]	/tmp/webui-craft-round4-s8.70-i6.91.png	9d42b66c141c6f0efa6509ed8b60fb3b276b980b0c679572a7d9b719f8806e96	(1991,1359)-(2060,1428)/139/touch=0/min=1/selected=0;(2029,1398)-(2050,1418)/252/touch=0/min=1/selected=1	(2029,1398)-(2050,1418)	20,20
8.70	6.87	8.6875px	8.6875px	6.87px	6.87px	[604.2838745117188,166.71148681640625,1034.9881591796875,719.7614135742188]	[1019.4306591796876,704.2039135742187,1028.1181591796876,712.8914135742187]	/tmp/webui-craft-round4-s8.70-i6.87.png	5f2a189874826085485030e42945bf5ce0512e43f244b8f7dec40ab418809427	(1991,1359)-(2060,1428)/139/touch=0/min=1/selected=0;(2030,1398)-(2050,1418)/231/touch=0/min=1/selected=1	(2030,1398)-(2050,1418)	20,20
8.70	6.86	8.6875px	8.6875px	6.86px	6.86px	[604.2838745117188,166.71148681640625,1034.9881591796875,719.7614135742188]	[1019.4406591796876,704.2139135742187,1028.1281591796876,712.9014135742187]	/tmp/webui-craft-round4-s8.70-i6.86.png	5f2a189874826085485030e42945bf5ce0512e43f244b8f7dec40ab418809427	(1991,1359)-(2060,1428)/139/touch=0/min=1/selected=0;(2030,1398)-(2050,1418)/231/touch=0/min=1/selected=1	(2030,1398)-(2050,1418)	20,20
8.70	6.85	8.6875px	8.6875px	6.85px	6.85px	[604.2838745117188,166.71148681640625,1034.9881591796875,719.7614135742188]	[1019.4506591796876,704.2239135742187,1028.1381591796876,712.9114135742187]	/tmp/webui-craft-round4-s8.70-i6.85.png	5b89e11cf7dbf8991ff3d9a848fa421bdb739d42ec8a34e4fa2712175a842311	(1991,1359)-(2060,1428)/139/touch=0/min=1/selected=0;(2030,1398)-(2050,1418)/231/touch=0/min=1/selected=1	(2030,1398)-(2050,1418)	20,20
8.70	6.83	8.6875px	8.6875px	6.83px	6.83px	[604.2838745117188,166.71148681640625,1034.9881591796875,719.7614135742188]	[1019.4706591796876,704.2439135742187,1028.1581591796876,712.9314135742187]	/tmp/webui-craft-round4-s8.70-i6.83.png	23a8d96949861c5b9c7af7c10061d6a107a7b4298e4d6863b2c41c44efe5ea0d	(1991,1359)-(2060,1428)/139/touch=0/min=1/selected=0;(2030,1398)-(2050,1418)/231/touch=0/min=1/selected=1	(2030,1398)-(2050,1418)	20,20
8.70	6.82	8.6875px	8.6875px	6.82px	6.82px	[604.2838745117188,166.71148681640625,1034.9881591796875,719.7614135742188]	[1019.4806591796876,704.2539135742187,1028.1681591796876,712.9414135742187]	/tmp/webui-craft-round4-s8.70-i6.82.png	06ae409748ce9cc64399c91b187b391a391321fcddc2991411b4a96d4d84d191	(1991,1359)-(2060,1428)/139/touch=0/min=1/selected=0;(2030,1398)-(2050,1418)/231/touch=0/min=1/selected=1	(2030,1398)-(2050,1418)	20,20
8.70	6.81	8.6875px	8.6875px	6.81px	6.81px	[604.2838745117188,166.71148681640625,1034.9881591796875,719.7614135742188]	[1019.4906591796876,704.2639135742188,1028.1781591796876,712.9514135742188]	/tmp/webui-craft-round4-s8.70-i6.81.png	1ff8f8da7cd47e50de24af8ea8a248659881baf269315d8e57764316de5e000a	(1991,1359)-(2060,1428)/139/touch=0/min=1/selected=0;(2030,1398)-(2050,1418)/231/touch=0/min=1/selected=1	(2030,1398)-(2050,1418)	20,20
8.70	6.69	8.6875px	8.6875px	6.69px	6.69px	[604.2838745117188,166.71148681640625,1034.9881591796875,719.7614135742188]	[1019.6106591796874,704.3839135742187,1028.2981591796874,713.0714135742187]	/tmp/webui-craft-round4-s8.70-i6.69.png	59c2d4408ce3107e6e18edf454acbf71efb8a1b88d8b688065221606b418839d	(1991,1359)-(2060,1428)/139/touch=0/min=1/selected=0;(2031,1399)-(2050,1418)/228/touch=0/min=1/selected=1	(2031,1399)-(2050,1418)	20,20
8.70	6.68	8.6875px	8.6875px	6.68px	6.68px	[604.2838745117188,166.71148681640625,1034.9881591796875,719.7614135742188]	[1019.6206591796874,704.3939135742188,1028.3081591796874,713.0814135742188]	/tmp/webui-craft-round4-s8.70-i6.68.png	c8a20d22fa8ace94e1d70c8648fd94a40c565f966233c7f461b518fadd3694fa	(1991,1359)-(2060,1428)/139/touch=0/min=1/selected=0;(2031,1399)-(2050,1418)/225/touch=0/min=1/selected=1	(2031,1399)-(2050,1418)	20,20
8.70	6.62	8.6875px	8.6875px	6.62px	6.62px	[604.2838745117188,166.71148681640625,1034.9881591796875,719.7614135742188]	[1019.6806591796876,704.4539135742187,1028.3681591796876,713.1414135742187]	/tmp/webui-craft-round4-s8.70-i6.62.png	0b797e007fab0305baac2f661d74759a6302ecad0cd192c0ff91a2b3ec7552fb	(1991,1359)-(2060,1428)/139/touch=0/min=1/selected=0;(2031,1399)-(2050,1418)/210/touch=0/min=1/selected=1	(2031,1399)-(2050,1418)	20,20
8.70	6.50	8.6875px	8.6875px	6.5px	6.5px	[604.2838745117188,166.71148681640625,1034.9881591796875,719.7614135742188]	[1019.8006591796875,704.5739135742188,1028.4881591796875,713.2614135742188]	/tmp/webui-craft-round4-s8.70-i6.50.png	9904012860254494f9b48833a3898c5755d224837a1fd738041c1f301b6326a5	(1991,1359)-(2060,1428)/139/touch=0/min=1/selected=0;(2031,1400)-(2050,1418)/209/touch=0/min=1/selected=1	(2031,1400)-(2050,1418)	20,20
8.71	7.00	8.70312px	8.70312px	7px	7px	[604.2838745117188,166.71148681640625,1034.9881591796875,719.7614135742188]	[1019.2850391796875,704.0582935742187,1027.9881591796875,712.7614135742188]	/tmp/webui-craft-round4-s8.71-i7.00.png	675d701c861d9d00f4a82a5993fc9425573868d290e3280e8f517dbd195ab02e	(1991,1359)-(2060,1428)/139/touch=0/min=1/selected=0;(2029,1398)-(2050,1418)/248/touch=0/min=1/selected=1	(2029,1398)-(2050,1418)	20,20
8.71	6.99	8.70312px	8.70312px	6.99px	6.99px	[604.2838745117188,166.71148681640625,1034.9881591796875,719.7614135742188]	[1019.2950391796875,704.0682935742187,1027.9981591796875,712.7714135742187]	/tmp/webui-craft-round4-s8.71-i6.99.png	c9c9300c756942ac11adbed29afea33de7b4a367417b429ed7f76b53b30e3794	(1991,1359)-(2060,1428)/139/touch=0/min=1/selected=0;(2029,1398)-(2050,1418)/252/touch=0/min=1/selected=1	(2029,1398)-(2050,1418)	20,20
8.71	6.98	8.70312px	8.70312px	6.98px	6.98px	[604.2838745117188,166.71148681640625,1034.9881591796875,719.7614135742188]	[1019.3050391796875,704.0782935742187,1028.0081591796875,712.7814135742187]	/tmp/webui-craft-round4-s8.71-i6.98.png	4729dadbb940f090e0ae49d18f1dd2881047b8988d1c0dac4d74b9cbf003916c	(1991,1359)-(2060,1428)/139/touch=0/min=1/selected=0;(2029,1398)-(2050,1418)/252/touch=0/min=1/selected=1	(2029,1398)-(2050,1418)	20,20
8.71	6.97	8.70312px	8.70312px	6.97px	6.97px	[604.2838745117188,166.71148681640625,1034.9881591796875,719.7614135742188]	[1019.3150391796875,704.0882935742187,1028.0181591796875,712.7914135742187]	/tmp/webui-craft-round4-s8.71-i6.97.png	4729dadbb940f090e0ae49d18f1dd2881047b8988d1c0dac4d74b9cbf003916c	(1991,1359)-(2060,1428)/139/touch=0/min=1/selected=0;(2029,1398)-(2050,1418)/252/touch=0/min=1/selected=1	(2029,1398)-(2050,1418)	20,20
8.71	6.96	8.70312px	8.70312px	6.96px	6.96px	[604.2838745117188,166.71148681640625,1034.9881591796875,719.7614135742188]	[1019.3250391796875,704.0982935742187,1028.0281591796875,712.8014135742187]	/tmp/webui-craft-round4-s8.71-i6.96.png	3443899f95787b921334db32cf55a0e69bed0da65458186d6df77b2199da48e4	(1991,1359)-(2060,1428)/139/touch=0/min=1/selected=0;(2029,1398)-(2050,1418)/252/touch=0/min=1/selected=1	(2029,1398)-(2050,1418)	20,20
8.71	6.94	8.70312px	8.70312px	6.94px	6.94px	[604.2838745117188,166.71148681640625,1034.9881591796875,719.7614135742188]	[1019.3450391796874,704.1182935742187,1028.0481591796874,712.8214135742187]	/tmp/webui-craft-round4-s8.71-i6.94.png	a3d6afbfd5d3ffc1964cf282d351d77cc4453df0d06924469b6f3dea4b625f06	(1991,1359)-(2060,1428)/139/touch=0/min=1/selected=0;(2029,1398)-(2050,1418)/252/touch=0/min=1/selected=1	(2029,1398)-(2050,1418)	20,20
8.71	6.93	8.70312px	8.70312px	6.93px	6.93px	[604.2838745117188,166.71148681640625,1034.9881591796875,719.7614135742188]	[1019.3550391796874,704.1282935742188,1028.0581591796874,712.8314135742188]	/tmp/webui-craft-round4-s8.71-i6.93.png	b4b339fd69366a66c253ed6481a474825d6db780b0ffe16e803196590a7fd5e3	(1991,1359)-(2060,1428)/139/touch=0/min=1/selected=0;(2029,1398)-(2050,1418)/252/touch=0/min=1/selected=1	(2029,1398)-(2050,1418)	20,20
8.71	6.91	8.70312px	8.70312px	6.91px	6.91px	[604.2838745117188,166.71148681640625,1034.9881591796875,719.7614135742188]	[1019.3750391796874,704.1482935742188,1028.0781591796874,712.8514135742188]	/tmp/webui-craft-round4-s8.71-i6.91.png	6eb68612c670cfd799f750b10aa1bf54a42ca9afa30f559ad2d8a74472481da0	(1991,1359)-(2060,1428)/139/touch=0/min=1/selected=0;(2029,1398)-(2050,1418)/252/touch=0/min=1/selected=1	(2029,1398)-(2050,1418)	20,20
8.71	6.87	8.70312px	8.70312px	6.87px	6.87px	[604.2838745117188,166.71148681640625,1034.9881591796875,719.7614135742188]	[1019.4150391796876,704.1882935742187,1028.1181591796876,712.8914135742187]	/tmp/webui-craft-round4-s8.71-i6.87.png	84e3f75317a5902edc8e83948a1bdcda422a6172cdd0812ed19bfc16bf153a2e	(1991,1359)-(2060,1428)/139/touch=0/min=1/selected=0;(2030,1398)-(2050,1418)/244/touch=0/min=1/selected=1	(2030,1398)-(2050,1418)	20,20
8.71	6.86	8.70312px	8.70312px	6.86px	6.86px	[604.2838745117188,166.71148681640625,1034.9881591796875,719.7614135742188]	[1019.4250391796876,704.1982935742187,1028.1281591796876,712.9014135742187]	/tmp/webui-craft-round4-s8.71-i6.86.png	84e3f75317a5902edc8e83948a1bdcda422a6172cdd0812ed19bfc16bf153a2e	(1991,1359)-(2060,1428)/139/touch=0/min=1/selected=0;(2030,1398)-(2050,1418)/244/touch=0/min=1/selected=1	(2030,1398)-(2050,1418)	20,20
8.71	6.85	8.70312px	8.70312px	6.85px	6.85px	[604.2838745117188,166.71148681640625,1034.9881591796875,719.7614135742188]	[1019.4350391796876,704.2082935742187,1028.1381591796876,712.9114135742187]	/tmp/webui-craft-round4-s8.71-i6.85.png	ea0f4a470d32126a63cfba27996c50088dec37abb86ea7a213a885a50b843685	(1991,1359)-(2060,1428)/139/touch=0/min=1/selected=0;(2030,1398)-(2050,1418)/231/touch=0/min=1/selected=1	(2030,1398)-(2050,1418)	20,20
8.71	6.83	8.70312px	8.70312px	6.83px	6.83px	[604.2838745117188,166.71148681640625,1034.9881591796875,719.7614135742188]	[1019.4550391796876,704.2282935742187,1028.1581591796876,712.9314135742187]	/tmp/webui-craft-round4-s8.71-i6.83.png	77b1b007084b63de53febb8c2dbe50b279c9b36cbb36d4e1a9312ceb66448c02	(1991,1359)-(2060,1428)/139/touch=0/min=1/selected=0;(2030,1398)-(2050,1418)/231/touch=0/min=1/selected=1	(2030,1398)-(2050,1418)	20,20
8.71	6.82	8.70312px	8.70312px	6.82px	6.82px	[604.2838745117188,166.71148681640625,1034.9881591796875,719.7614135742188]	[1019.4650391796876,704.2382935742187,1028.1681591796876,712.9414135742187]	/tmp/webui-craft-round4-s8.71-i6.82.png	6cf17f147d8f9e8519a2f8e4413bf5f7edc3da6bb359a6f0bc76c5085ee68756	(1991,1359)-(2060,1428)/139/touch=0/min=1/selected=0;(2030,1398)-(2050,1418)/231/touch=0/min=1/selected=1	(2030,1398)-(2050,1418)	20,20
8.71	6.81	8.70312px	8.70312px	6.81px	6.81px	[604.2838745117188,166.71148681640625,1034.9881591796875,719.7614135742188]	[1019.4750391796875,704.2482935742188,1028.1781591796876,712.9514135742188]	/tmp/webui-craft-round4-s8.71-i6.81.png	3f397bf09af9ccee6b598e056c425eee4aac9ccbf5c3861dda639b35a1fc482c	(1991,1359)-(2060,1428)/139/touch=0/min=1/selected=0;(2030,1398)-(2050,1418)/231/touch=0/min=1/selected=1	(2030,1398)-(2050,1418)	20,20
8.71	6.69	8.70312px	8.70312px	6.69px	6.69px	[604.2838745117188,166.71148681640625,1034.9881591796875,719.7614135742188]	[1019.5950391796874,704.3682935742187,1028.2981591796874,713.0714135742187]	/tmp/webui-craft-round4-s8.71-i6.69.png	b649f14923ceda791d3f36163518aceb774ec4169901a8eef046d4e75bae9960	(1991,1359)-(2060,1428)/139/touch=0/min=1/selected=0;(2030,1399)-(2050,1418)/230/touch=0/min=1/selected=1	(2030,1399)-(2050,1418)	20,20
8.71	6.68	8.70312px	8.70312px	6.68px	6.68px	[604.2838745117188,166.71148681640625,1034.9881591796875,719.7614135742188]	[1019.6050391796874,704.3782935742188,1028.3081591796874,713.0814135742188]	/tmp/webui-craft-round4-s8.71-i6.68.png	c8a20d22fa8ace94e1d70c8648fd94a40c565f966233c7f461b518fadd3694fa	(1991,1359)-(2060,1428)/139/touch=0/min=1/selected=0;(2031,1399)-(2050,1418)/225/touch=0/min=1/selected=1	(2031,1399)-(2050,1418)	20,20
8.71	6.62	8.70312px	8.70312px	6.62px	6.62px	[604.2838745117188,166.71148681640625,1034.9881591796875,719.7614135742188]	[1019.6650391796876,704.4382935742187,1028.3681591796876,713.1414135742187]	/tmp/webui-craft-round4-s8.71-i6.62.png	0c9f47abff908e5787c79288b3577b6ce6ba7f915242e206e3a841ea9d728688	(1991,1359)-(2060,1428)/139/touch=0/min=1/selected=0;(2031,1399)-(2050,1418)/210/touch=0/min=1/selected=1	(2031,1399)-(2050,1418)	20,20
8.71	6.50	8.70312px	8.70312px	6.5px	6.5px	[604.2838745117188,166.71148681640625,1034.9881591796875,719.7614135742188]	[1019.7850391796875,704.5582935742187,1028.4881591796875,713.2614135742188]	/tmp/webui-craft-round4-s8.71-i6.50.png	158f57d5a36fe8353d362990a76546fbc6b495ae0000c696866d3e9fa12f76a2	(1991,1359)-(2060,1428)/139/touch=0/min=1/selected=0;(2031,1400)-(2050,1418)/209/touch=0/min=1/selected=1	(2031,1400)-(2050,1418)	20,20
8.72	7.00	8.71875px	8.71875px	7px	7px	[604.2838745117188,166.71148681640625,1034.9881591796875,719.7614135742188]	[1019.2694091796875,704.0426635742188,1027.9881591796875,712.7614135742188]	/tmp/webui-craft-round4-s8.72-i7.00.png	2403c5c6da09bef35709e2a89180b76fbca1a5279b41f486b6c0bad9b39d7dca	(1991,1359)-(2060,1428)/139/touch=0/min=1/selected=0;(2029,1398)-(2050,1418)/247/touch=0/min=1/selected=1	(2029,1398)-(2050,1418)	20,20
8.72	6.99	8.71875px	8.71875px	6.99px	6.99px	[604.2838745117188,166.71148681640625,1034.9881591796875,719.7614135742188]	[1019.2794091796875,704.0526635742187,1027.9981591796875,712.7714135742187]	/tmp/webui-craft-round4-s8.72-i6.99.png	69c8dd4c2e661bc79f190220da65a38fa63d3f22c0192285b75c65e8bd416f21	(1991,1359)-(2060,1428)/139/touch=0/min=1/selected=0;(2029,1398)-(2050,1418)/252/touch=0/min=1/selected=1	(2029,1398)-(2050,1418)	20,20
8.72	6.98	8.71875px	8.71875px	6.98px	6.98px	[604.2838745117188,166.71148681640625,1034.9881591796875,719.7614135742188]	[1019.2894091796875,704.0626635742187,1028.0081591796875,712.7814135742187]	/tmp/webui-craft-round4-s8.72-i6.98.png	9d78a5560536d361c04a1af5e887cee7aba34db3307101952290cff7ef1b7309	(1991,1359)-(2060,1428)/139/touch=0/min=1/selected=0;(2029,1398)-(2050,1418)/252/touch=0/min=1/selected=1	(2029,1398)-(2050,1418)	20,20
8.72	6.97	8.71875px	8.71875px	6.97px	6.97px	[604.2838745117188,166.71148681640625,1034.9881591796875,719.7614135742188]	[1019.2994091796875,704.0726635742187,1028.0181591796875,712.7914135742187]	/tmp/webui-craft-round4-s8.72-i6.97.png	9d78a5560536d361c04a1af5e887cee7aba34db3307101952290cff7ef1b7309	(1991,1359)-(2060,1428)/139/touch=0/min=1/selected=0;(2029,1398)-(2050,1418)/252/touch=0/min=1/selected=1	(2029,1398)-(2050,1418)	20,20
8.72	6.96	8.71875px	8.71875px	6.96px	6.96px	[604.2838745117188,166.71148681640625,1034.9881591796875,719.7614135742188]	[1019.3094091796875,704.0826635742187,1028.0281591796875,712.8014135742187]	/tmp/webui-craft-round4-s8.72-i6.96.png	254fa1f9bcd4e1ad21baedc63bfc8f3b95dc41d7061f9e240ef33913ed1728cf	(1991,1359)-(2060,1428)/139/touch=0/min=1/selected=0;(2029,1398)-(2050,1418)/252/touch=0/min=1/selected=1	(2029,1398)-(2050,1418)	20,20
8.72	6.94	8.71875px	8.71875px	6.94px	6.94px	[604.2838745117188,166.71148681640625,1034.9881591796875,719.7614135742188]	[1019.3294091796874,704.1026635742187,1028.0481591796874,712.8214135742187]	/tmp/webui-craft-round4-s8.72-i6.94.png	f958ce5b90da5302e391f299fcafe74492c779e3db7bf3ab6951122c3bbef3fb	(1991,1359)-(2060,1428)/139/touch=0/min=1/selected=0;(2029,1398)-(2050,1418)/252/touch=0/min=1/selected=1	(2029,1398)-(2050,1418)	20,20
8.72	6.93	8.71875px	8.71875px	6.93px	6.93px	[604.2838745117188,166.71148681640625,1034.9881591796875,719.7614135742188]	[1019.3394091796874,704.1126635742188,1028.0581591796874,712.8314135742188]	/tmp/webui-craft-round4-s8.72-i6.93.png	4e02f8df43b14ff9584cc456dd11168275d0a8c563bf42aeb7b79f5ae496baad	(1991,1359)-(2060,1428)/139/touch=0/min=1/selected=0;(2029,1398)-(2050,1418)/252/touch=0/min=1/selected=1	(2029,1398)-(2050,1418)	20,20
8.72	6.91	8.71875px	8.71875px	6.91px	6.91px	[604.2838745117188,166.71148681640625,1034.9881591796875,719.7614135742188]	[1019.3594091796874,704.1326635742188,1028.0781591796874,712.8514135742188]	/tmp/webui-craft-round4-s8.72-i6.91.png	a420ae5c9657ee74922179fa645e6d5107be686dd4e2a10f6268b6ccfd75374a	(1991,1359)-(2060,1428)/139/touch=0/min=1/selected=0;(2029,1398)-(2050,1418)/252/touch=0/min=1/selected=1	(2029,1398)-(2050,1418)	20,20
8.72	6.87	8.71875px	8.71875px	6.87px	6.87px	[604.2838745117188,166.71148681640625,1034.9881591796875,719.7614135742188]	[1019.3994091796876,704.1726635742187,1028.1181591796876,712.8914135742187]	/tmp/webui-craft-round4-s8.72-i6.87.png	f5cd12d01e655e9f554f3411f8bd053c617b2e0a11a90b666fe0e9b1b4b1ce0f	(1991,1359)-(2060,1428)/139/touch=0/min=1/selected=0;(2030,1398)-(2050,1418)/246/touch=0/min=1/selected=1	(2030,1398)-(2050,1418)	20,20
8.72	6.86	8.71875px	8.71875px	6.86px	6.86px	[604.2838745117188,166.71148681640625,1034.9881591796875,719.7614135742188]	[1019.4094091796876,704.1826635742187,1028.1281591796876,712.9014135742187]	/tmp/webui-craft-round4-s8.72-i6.86.png	f5cd12d01e655e9f554f3411f8bd053c617b2e0a11a90b666fe0e9b1b4b1ce0f	(1991,1359)-(2060,1428)/139/touch=0/min=1/selected=0;(2030,1398)-(2050,1418)/246/touch=0/min=1/selected=1	(2030,1398)-(2050,1418)	20,20
8.72	6.85	8.71875px	8.71875px	6.85px	6.85px	[604.2838745117188,166.71148681640625,1034.9881591796875,719.7614135742188]	[1019.4194091796876,704.1926635742187,1028.1381591796876,712.9114135742187]	/tmp/webui-craft-round4-s8.72-i6.85.png	f92ae91b50fa911d2ea5433146c6890c5ea8b10e7d68ad406274f7e7f5146cef	(1991,1359)-(2060,1428)/139/touch=0/min=1/selected=0;(2030,1398)-(2050,1418)/231/touch=0/min=1/selected=1	(2030,1398)-(2050,1418)	20,20
8.72	6.83	8.71875px	8.71875px	6.83px	6.83px	[604.2838745117188,166.71148681640625,1034.9881591796875,719.7614135742188]	[1019.4394091796876,704.2126635742187,1028.1581591796876,712.9314135742187]	/tmp/webui-craft-round4-s8.72-i6.83.png	45c3dfba8ab48ebf2de13adda0e438b144bb580426768ce28e8cb3be6aa83360	(1991,1359)-(2060,1428)/139/touch=0/min=1/selected=0;(2030,1398)-(2050,1418)/231/touch=0/min=1/selected=1	(2030,1398)-(2050,1418)	20,20
8.72	6.82	8.71875px	8.71875px	6.82px	6.82px	[604.2838745117188,166.71148681640625,1034.9881591796875,719.7614135742188]	[1019.4494091796876,704.2226635742187,1028.1681591796876,712.9414135742187]	/tmp/webui-craft-round4-s8.72-i6.82.png	7daa0093698d27f09f9f031d404993ec5656f73ec9afbd876d783cd70bdda742	(1991,1359)-(2060,1428)/139/touch=0/min=1/selected=0;(2030,1398)-(2050,1418)/231/touch=0/min=1/selected=1	(2030,1398)-(2050,1418)	20,20
8.72	6.81	8.71875px	8.71875px	6.81px	6.81px	[604.2838745117188,166.71148681640625,1034.9881591796875,719.7614135742188]	[1019.4594091796876,704.2326635742188,1028.1781591796876,712.9514135742188]	/tmp/webui-craft-round4-s8.72-i6.81.png	ba156c3a357df3d0e24606cdb9f09490cd4fc0a638d48b7a62294035ff1b8430	(1991,1359)-(2060,1428)/139/touch=0/min=1/selected=0;(2030,1398)-(2050,1418)/231/touch=0/min=1/selected=1	(2030,1398)-(2050,1418)	20,20
8.72	6.69	8.71875px	8.71875px	6.69px	6.69px	[604.2838745117188,166.71148681640625,1034.9881591796875,719.7614135742188]	[1019.5794091796874,704.3526635742187,1028.2981591796874,713.0714135742187]	/tmp/webui-craft-round4-s8.72-i6.69.png	648571bed5e30c011720c38ea12d9459e0a60dbeee766a1d3afcc845727d1b56	(1991,1359)-(2060,1428)/139/touch=0/min=1/selected=0;(2030,1399)-(2050,1418)/230/touch=0/min=1/selected=1	(2030,1399)-(2050,1418)	20,20
8.72	6.68	8.71875px	8.71875px	6.68px	6.68px	[604.2838745117188,166.71148681640625,1034.9881591796875,719.7614135742188]	[1019.5894091796874,704.3626635742188,1028.3081591796874,713.0814135742188]	/tmp/webui-craft-round4-s8.72-i6.68.png	88adbbf5900cc4d72b36a99f7ee3068b9d4a85409cbf467902ee5a690d7cdbe9	(1991,1359)-(2060,1428)/139/touch=0/min=1/selected=0;(2030,1399)-(2050,1418)/227/touch=0/min=1/selected=1	(2030,1399)-(2050,1418)	20,20
8.72	6.62	8.71875px	8.71875px	6.62px	6.62px	[604.2838745117188,166.71148681640625,1034.9881591796875,719.7614135742188]	[1019.6494091796876,704.4226635742187,1028.3681591796876,713.1414135742187]	/tmp/webui-craft-round4-s8.72-i6.62.png	8c83544f05f432b9ab7f4ef13e2320f825315bdad4d745377c92906494128488	(1991,1359)-(2060,1428)/139/touch=0/min=1/selected=0;(2031,1399)-(2050,1418)/210/touch=0/min=1/selected=1	(2031,1399)-(2050,1418)	20,20
8.72	6.50	8.71875px	8.71875px	6.5px	6.5px	[604.2838745117188,166.71148681640625,1034.9881591796875,719.7614135742188]	[1019.7694091796875,704.5426635742188,1028.4881591796875,713.2614135742188]	/tmp/webui-craft-round4-s8.72-i6.50.png	c30861a8fc01c60ef548a63f7bccff578c9883d94cebb7652cb263f829056376	(1991,1359)-(2060,1428)/139/touch=0/min=1/selected=0;(2031,1399)-(2050,1418)/210/touch=0/min=1/selected=1	(2031,1399)-(2050,1418)	20,20
8.74	7.00	8.73438px	8.73438px	7px	7px	[604.2838745117188,166.71148681640625,1034.9881591796875,719.7614135742188]	[1019.2537791796875,704.0270335742188,1027.9881591796875,712.7614135742188]	/tmp/webui-craft-round4-s8.74-i7.00.png	f558777bc6818c9fc5375026ce4f351ba8c17ae0bc0c2e7b2681a85b8252a0e4	(1991,1359)-(2060,1428)/139/touch=0/min=1/selected=0;(2029,1398)-(2050,1418)/247/touch=0/min=1/selected=1	(2029,1398)-(2050,1418)	20,20
8.74	6.99	8.73438px	8.73438px	6.99px	6.99px	[604.2838745117188,166.71148681640625,1034.9881591796875,719.7614135742188]	[1019.2637791796875,704.0370335742188,1027.9981591796875,712.7714135742187]	/tmp/webui-craft-round4-s8.74-i6.99.png	0f8fe01e31e73beb9f723d7643af4283ee8b05084ff8d507accadc5d01f8c372	(1991,1359)-(2060,1428)/139/touch=0/min=1/selected=0;(2029,1398)-(2050,1418)/252/touch=0/min=1/selected=1	(2029,1398)-(2050,1418)	20,20
8.74	6.98	8.73438px	8.73438px	6.98px	6.98px	[604.2838745117188,166.71148681640625,1034.9881591796875,719.7614135742188]	[1019.2737791796875,704.0470335742187,1028.0081591796875,712.7814135742187]	/tmp/webui-craft-round4-s8.74-i6.98.png	914070bc6ce4a24bf2e2ed64121ed9d7a620dde492828ae4ea645cf2293b0c4b	(1991,1359)-(2060,1428)/139/touch=0/min=1/selected=0;(2029,1397)-(2050,1418)/253/touch=0/min=1/selected=1	(2029,1397)-(2050,1418)	20,20
8.74	6.97	8.73438px	8.73438px	6.97px	6.97px	[604.2838745117188,166.71148681640625,1034.9881591796875,719.7614135742188]	[1019.2837791796875,704.0570335742187,1028.0181591796875,712.7914135742187]	/tmp/webui-craft-round4-s8.74-i6.97.png	914070bc6ce4a24bf2e2ed64121ed9d7a620dde492828ae4ea645cf2293b0c4b	(1991,1359)-(2060,1428)/139/touch=0/min=1/selected=0;(2029,1397)-(2050,1418)/253/touch=0/min=1/selected=1	(2029,1397)-(2050,1418)	20,20
8.74	6.96	8.73438px	8.73438px	6.96px	6.96px	[604.2838745117188,166.71148681640625,1034.9881591796875,719.7614135742188]	[1019.2937791796875,704.0670335742187,1028.0281591796875,712.8014135742187]	/tmp/webui-craft-round4-s8.74-i6.96.png	45535038f58a6302b734f91ba4437ac012320607750686c6e44eb95217734860	(1991,1359)-(2060,1428)/139/touch=0/min=1/selected=0;(2029,1398)-(2050,1418)/252/touch=0/min=1/selected=1	(2029,1398)-(2050,1418)	20,20
8.74	6.94	8.73438px	8.73438px	6.94px	6.94px	[604.2838745117188,166.71148681640625,1034.9881591796875,719.7614135742188]	[1019.3137791796875,704.0870335742187,1028.0481591796874,712.8214135742187]	/tmp/webui-craft-round4-s8.74-i6.94.png	9a02c48beb263fe490fbbe4570edf7ff5a57898148d5351b80ab157d32c02fb3	(1991,1359)-(2060,1428)/139/touch=0/min=1/selected=0;(2029,1398)-(2050,1418)/252/touch=0/min=1/selected=1	(2029,1398)-(2050,1418)	20,20
8.74	6.93	8.73438px	8.73438px	6.93px	6.93px	[604.2838745117188,166.71148681640625,1034.9881591796875,719.7614135742188]	[1019.3237791796874,704.0970335742188,1028.0581591796874,712.8314135742188]	/tmp/webui-craft-round4-s8.74-i6.93.png	4dcb1d6c96b4827945e9100bb723f0ac6f001b52973cabd3a412b9758f1020f3	(1991,1359)-(2060,1428)/139/touch=0/min=1/selected=0;(2029,1398)-(2050,1418)/252/touch=0/min=1/selected=1	(2029,1398)-(2050,1418)	20,20
8.74	6.91	8.73438px	8.73438px	6.91px	6.91px	[604.2838745117188,166.71148681640625,1034.9881591796875,719.7614135742188]	[1019.3437791796874,704.1170335742188,1028.0781591796874,712.8514135742188]	/tmp/webui-craft-round4-s8.74-i6.91.png	ec37dba2ce71ca295e4ac3fdf41575f4958afaf3731163fbaf18bfa22a1fd948	(1991,1359)-(2060,1428)/139/touch=0/min=1/selected=0;(2029,1398)-(2050,1418)/252/touch=0/min=1/selected=1	(2029,1398)-(2050,1418)	20,20
8.74	6.87	8.73438px	8.73438px	6.87px	6.87px	[604.2838745117188,166.71148681640625,1034.9881591796875,719.7614135742188]	[1019.3837791796876,704.1570335742188,1028.1181591796876,712.8914135742187]	/tmp/webui-craft-round4-s8.74-i6.87.png	07c84939204e66f9622687c62b28beb251de17657b2367ecbe5b2a60c3991cc6	(1991,1359)-(2060,1428)/139/touch=0/min=1/selected=0;(2029,1398)-(2050,1418)/247/touch=0/min=1/selected=1	(2029,1398)-(2050,1418)	20,20
8.74	6.86	8.73438px	8.73438px	6.86px	6.86px	[604.2838745117188,166.71148681640625,1034.9881591796875,719.7614135742188]	[1019.3937791796876,704.1670335742187,1028.1281591796876,712.9014135742187]	/tmp/webui-craft-round4-s8.74-i6.86.png	07c84939204e66f9622687c62b28beb251de17657b2367ecbe5b2a60c3991cc6	(1991,1359)-(2060,1428)/139/touch=0/min=1/selected=0;(2029,1398)-(2050,1418)/247/touch=0/min=1/selected=1	(2029,1398)-(2050,1418)	20,20
8.74	6.85	8.73438px	8.73438px	6.85px	6.85px	[604.2838745117188,166.71148681640625,1034.9881591796875,719.7614135742188]	[1019.4037791796876,704.1770335742187,1028.1381591796876,712.9114135742187]	/tmp/webui-craft-round4-s8.74-i6.85.png	c327dd01ad1140e21ab055a7ab0d875f1f2f9b9af73cef710c508ab2a8744c3b	(1991,1359)-(2060,1428)/139/touch=0/min=1/selected=0;(2030,1398)-(2050,1418)/243/touch=0/min=1/selected=1	(2030,1398)-(2050,1418)	20,20
8.74	6.83	8.73438px	8.73438px	6.83px	6.83px	[604.2838745117188,166.71148681640625,1034.9881591796875,719.7614135742188]	[1019.4237791796876,704.1970335742187,1028.1581591796876,712.9314135742187]	/tmp/webui-craft-round4-s8.74-i6.83.png	7209de00b202eb877ed60b2c4a7b51d33d6c092f9496f424c761febb70d74501	(1991,1359)-(2060,1428)/139/touch=0/min=1/selected=0;(2030,1398)-(2050,1418)/231/touch=0/min=1/selected=1	(2030,1398)-(2050,1418)	20,20
8.74	6.82	8.73438px	8.73438px	6.82px	6.82px	[604.2838745117188,166.71148681640625,1034.9881591796875,719.7614135742188]	[1019.4337791796876,704.2070335742187,1028.1681591796876,712.9414135742187]	/tmp/webui-craft-round4-s8.74-i6.82.png	9b5e44444cdb9d2b3c8470df2f48fbe634ea8ce8ffd8c1d3df274cc1f986655a	(1991,1359)-(2060,1428)/139/touch=0/min=1/selected=0;(2030,1398)-(2050,1418)/231/touch=0/min=1/selected=1	(2030,1398)-(2050,1418)	20,20
8.74	6.81	8.73438px	8.73438px	6.81px	6.81px	[604.2838745117188,166.71148681640625,1034.9881591796875,719.7614135742188]	[1019.4437791796876,704.2170335742188,1028.1781591796876,712.9514135742188]	/tmp/webui-craft-round4-s8.74-i6.81.png	641f0e808ca96ada8294fa5fc925b390044a669f1e301fda35028f0b2c4bf5bd	(1991,1359)-(2060,1428)/139/touch=0/min=1/selected=0;(2030,1398)-(2050,1418)/231/touch=0/min=1/selected=1	(2030,1398)-(2050,1418)	20,20
8.74	6.69	8.73438px	8.73438px	6.69px	6.69px	[604.2838745117188,166.71148681640625,1034.9881591796875,719.7614135742188]	[1019.5637791796875,704.3370335742187,1028.2981591796874,713.0714135742187]	/tmp/webui-craft-round4-s8.74-i6.69.png	7308d67889966710e4dc578d89777e0c28cf2a5cae4d1614940e7da848e21a92	(1991,1359)-(2060,1428)/139/touch=0/min=1/selected=0;(2030,1399)-(2050,1418)/230/touch=0/min=1/selected=1	(2030,1399)-(2050,1418)	20,20
8.74	6.68	8.73438px	8.73438px	6.68px	6.68px	[604.2838745117188,166.71148681640625,1034.9881591796875,719.7614135742188]	[1019.5737791796874,704.3470335742188,1028.3081591796874,713.0814135742188]	/tmp/webui-craft-round4-s8.74-i6.68.png	88a9a2a74c533d25738288d8880fe252a73e3b725b7bb42a4d71b949f4621c64	(1991,1359)-(2060,1428)/139/touch=0/min=1/selected=0;(2030,1399)-(2050,1418)/230/touch=0/min=1/selected=1	(2030,1399)-(2050,1418)	20,20
8.74	6.62	8.73438px	8.73438px	6.62px	6.62px	[604.2838745117188,166.71148681640625,1034.9881591796875,719.7614135742188]	[1019.6337791796876,704.4070335742188,1028.3681591796876,713.1414135742187]	/tmp/webui-craft-round4-s8.74-i6.62.png	8c83544f05f432b9ab7f4ef13e2320f825315bdad4d745377c92906494128488	(1991,1359)-(2060,1428)/139/touch=0/min=1/selected=0;(2031,1399)-(2050,1418)/210/touch=0/min=1/selected=1	(2031,1399)-(2050,1418)	20,20
8.74	6.50	8.73438px	8.73438px	6.5px	6.5px	[604.2838745117188,166.71148681640625,1034.9881591796875,719.7614135742188]	[1019.7537791796875,704.5270335742188,1028.4881591796875,713.2614135742188]	/tmp/webui-craft-round4-s8.74-i6.50.png	892724106d5ca30b5b0facdd97b30e1da850129208c3dd01f95e855ef097c469	(1991,1359)-(2060,1428)/139/touch=0/min=1/selected=0;(2031,1399)-(2050,1418)/210/touch=0/min=1/selected=1	(2031,1399)-(2050,1418)	20,20
8.75	7.00	8.75px	8.75px	7px	7px	[604.2838745117188,166.71148681640625,1034.9881591796875,719.7614135742188]	[1019.2381591796875,704.0114135742188,1027.9881591796875,712.7614135742188]	/tmp/webui-craft-round4-s8.75-i7.00.png	059c3bf41396cf54b729e02042d8938ea26826f000fefbea0dc299bd5cb495ea	(1991,1359)-(2060,1428)/139/touch=0/min=1/selected=0;(2029,1398)-(2050,1418)/247/touch=0/min=1/selected=1	(2029,1398)-(2050,1418)	20,20
8.75	6.99	8.75px	8.75px	6.99px	6.99px	[604.2838745117188,166.71148681640625,1034.9881591796875,719.7614135742188]	[1019.2481591796875,704.0214135742187,1027.9981591796875,712.7714135742187]	/tmp/webui-craft-round4-s8.75-i6.99.png	98d72d9cee3941d428403a89b1fe9299b258b9b59a46b2656591df895b923906	(1991,1359)-(2060,1428)/139/touch=0/min=1/selected=0;(2029,1398)-(2050,1418)/252/touch=0/min=1/selected=1	(2029,1398)-(2050,1418)	20,20
8.75	6.98	8.75px	8.75px	6.98px	6.98px	[604.2838745117188,166.71148681640625,1034.9881591796875,719.7614135742188]	[1019.2581591796875,704.0314135742187,1028.0081591796875,712.7814135742187]	/tmp/webui-craft-round4-s8.75-i6.98.png	b1b09bf659a93b740f43885ea54e3c419b98f1bce6c090b8c36a940e97a741b7	(1991,1359)-(2060,1428)/139/touch=0/min=1/selected=0;(2029,1397)-(2050,1418)/253/touch=0/min=1/selected=1	(2029,1397)-(2050,1418)	20,20
8.75	6.97	8.75px	8.75px	6.97px	6.97px	[604.2838745117188,166.71148681640625,1034.9881591796875,719.7614135742188]	[1019.2681591796875,704.0414135742187,1028.0181591796875,712.7914135742187]	/tmp/webui-craft-round4-s8.75-i6.97.png	b1b09bf659a93b740f43885ea54e3c419b98f1bce6c090b8c36a940e97a741b7	(1991,1359)-(2060,1428)/139/touch=0/min=1/selected=0;(2029,1397)-(2050,1418)/253/touch=0/min=1/selected=1	(2029,1397)-(2050,1418)	20,20
8.75	6.96	8.75px	8.75px	6.96px	6.96px	[604.2838745117188,166.71148681640625,1034.9881591796875,719.7614135742188]	[1019.2781591796875,704.0514135742187,1028.0281591796875,712.8014135742187]	/tmp/webui-craft-round4-s8.75-i6.96.png	0096c6f65a45dea349614f10a6666a510f8b5bdd1d9f906542bef3a80546e906	(1991,1359)-(2060,1428)/139/touch=0/min=1/selected=0;(2029,1397)-(2050,1418)/253/touch=0/min=1/selected=1	(2029,1397)-(2050,1418)	20,20
8.75	6.94	8.75px	8.75px	6.94px	6.94px	[604.2838745117188,166.71148681640625,1034.9881591796875,719.7614135742188]	[1019.2981591796874,704.0714135742187,1028.0481591796874,712.8214135742187]	/tmp/webui-craft-round4-s8.75-i6.94.png	3c29208b82fbe39a7563fa99f1b9bc0d265a525a0cc679ba60b12b0f2932aff8	(1991,1359)-(2060,1428)/139/touch=0/min=1/selected=0;(2029,1398)-(2050,1418)/252/touch=0/min=1/selected=1	(2029,1398)-(2050,1418)	20,20
8.75	6.93	8.75px	8.75px	6.93px	6.93px	[604.2838745117188,166.71148681640625,1034.9881591796875,719.7614135742188]	[1019.3081591796874,704.0814135742188,1028.0581591796874,712.8314135742188]	/tmp/webui-craft-round4-s8.75-i6.93.png	5eaeb24aa79d51abf6f32eba94bedc90900879977976d15bd19d15f46e986d6b	(1991,1359)-(2060,1428)/139/touch=0/min=1/selected=0;(2029,1398)-(2050,1418)/252/touch=0/min=1/selected=1	(2029,1398)-(2050,1418)	20,20
8.75	6.91	8.75px	8.75px	6.91px	6.91px	[604.2838745117188,166.71148681640625,1034.9881591796875,719.7614135742188]	[1019.3281591796874,704.1014135742188,1028.0781591796874,712.8514135742188]	/tmp/webui-craft-round4-s8.75-i6.91.png	d209417018fa7ce903c2a4597bf982f932e735db777ec1244d1da2cdc2a2c707	(1991,1359)-(2060,1428)/139/touch=0/min=1/selected=0;(2029,1398)-(2050,1418)/252/touch=0/min=1/selected=1	(2029,1398)-(2050,1418)	20,20
8.75	6.87	8.75px	8.75px	6.87px	6.87px	[604.2838745117188,166.71148681640625,1034.9881591796875,719.7614135742188]	[1019.3681591796876,704.1414135742187,1028.1181591796876,712.8914135742187]	/tmp/webui-craft-round4-s8.75-i6.87.png	a5f0e74c9babaf788f1cc7686347eed4dffa6b68000dc59156f65fde8503833c	(1991,1359)-(2060,1428)/139/touch=0/min=1/selected=0;(2029,1397)-(2050,1418)/253/touch=0/min=1/selected=1	(2029,1397)-(2050,1418)	20,20
8.75	6.86	8.75px	8.75px	6.86px	6.86px	[604.2838745117188,166.71148681640625,1034.9881591796875,719.7614135742188]	[1019.3781591796876,704.1514135742187,1028.1281591796876,712.9014135742187]	/tmp/webui-craft-round4-s8.75-i6.86.png	a5f0e74c9babaf788f1cc7686347eed4dffa6b68000dc59156f65fde8503833c	(1991,1359)-(2060,1428)/139/touch=0/min=1/selected=0;(2029,1397)-(2050,1418)/253/touch=0/min=1/selected=1	(2029,1397)-(2050,1418)	20,20
8.75	6.85	8.75px	8.75px	6.85px	6.85px	[604.2838745117188,166.71148681640625,1034.9881591796875,719.7614135742188]	[1019.3881591796876,704.1614135742187,1028.1381591796876,712.9114135742187]	/tmp/webui-craft-round4-s8.75-i6.85.png	1ba7749e922ff3a58af833addd38a94cda31572d666e20b527b791989f8f0e5d	(1991,1359)-(2060,1428)/139/touch=0/min=1/selected=0;(2029,1398)-(2050,1418)/244/touch=0/min=1/selected=1	(2029,1398)-(2050,1418)	20,20
8.75	6.83	8.75px	8.75px	6.83px	6.83px	[604.2838745117188,166.71148681640625,1034.9881591796875,719.7614135742188]	[1019.4081591796876,704.1814135742187,1028.1581591796876,712.9314135742187]	/tmp/webui-craft-round4-s8.75-i6.83.png	e0917a068308f5dede6b224eaf0cc76eb720177ca4958c5beb40a4e990f3fc50	(1991,1359)-(2060,1428)/139/touch=0/min=1/selected=0;(2030,1398)-(2050,1418)/231/touch=0/min=1/selected=1	(2030,1398)-(2050,1418)	20,20
8.75	6.82	8.75px	8.75px	6.82px	6.82px	[604.2838745117188,166.71148681640625,1034.9881591796875,719.7614135742188]	[1019.4181591796876,704.1914135742187,1028.1681591796876,712.9414135742187]	/tmp/webui-craft-round4-s8.75-i6.82.png	85e26cfabc59fbe0ec41918a75ee4d0dc05dbbf8500b9e6ee27b8f23dc40651b	(1991,1359)-(2060,1428)/139/touch=0/min=1/selected=0;(2030,1398)-(2050,1418)/231/touch=0/min=1/selected=1	(2030,1398)-(2050,1418)	20,20
8.75	6.81	8.75px	8.75px	6.81px	6.81px	[604.2838745117188,166.71148681640625,1034.9881591796875,719.7614135742188]	[1019.4281591796876,704.2014135742188,1028.1781591796876,712.9514135742188]	/tmp/webui-craft-round4-s8.75-i6.81.png	fc528a9b17ddd55a46246fc4d1c1c9a733e829f9497b42fb0270879dd64ba8d4	(1991,1359)-(2060,1428)/139/touch=0/min=1/selected=0;(2030,1398)-(2050,1418)/231/touch=0/min=1/selected=1	(2030,1398)-(2050,1418)	20,20
8.75	6.69	8.75px	8.75px	6.69px	6.69px	[604.2838745117188,166.71148681640625,1034.9881591796875,719.7614135742188]	[1019.5481591796874,704.3214135742187,1028.2981591796874,713.0714135742187]	/tmp/webui-craft-round4-s8.75-i6.69.png	a9e323f07171d8cf59052345e72c71e7eb722f5d3e85ea309a7598fbc0550376	(1991,1359)-(2060,1428)/139/touch=0/min=1/selected=0;(2030,1399)-(2050,1418)/230/touch=0/min=1/selected=1	(2030,1399)-(2050,1418)	20,20
8.75	6.68	8.75px	8.75px	6.68px	6.68px	[604.2838745117188,166.71148681640625,1034.9881591796875,719.7614135742188]	[1019.5581591796874,704.3314135742188,1028.3081591796874,713.0814135742188]	/tmp/webui-craft-round4-s8.75-i6.68.png	902b9345c7427087e767de6e52b1ace4ba34b516bfbf93d2ec89017f4701e442	(1991,1359)-(2060,1428)/139/touch=0/min=1/selected=0;(2030,1399)-(2050,1418)/230/touch=0/min=1/selected=1	(2030,1399)-(2050,1418)	20,20
8.75	6.62	8.75px	8.75px	6.62px	6.62px	[604.2838745117188,166.71148681640625,1034.9881591796875,719.7614135742188]	[1019.6181591796876,704.3914135742187,1028.3681591796876,713.1414135742187]	/tmp/webui-craft-round4-s8.75-i6.62.png	1f2a3e738734d8eb65b7338e3b02f07710c53bc182a5e8d6fe3145c3dddeebe4	(1991,1359)-(2060,1428)/139/touch=0/min=1/selected=0;(2031,1399)-(2050,1418)/210/touch=0/min=1/selected=1	(2031,1399)-(2050,1418)	20,20
8.75	6.50	8.75px	8.75px	6.5px	6.5px	[604.2838745117188,166.71148681640625,1034.9881591796875,719.7614135742188]	[1019.7381591796875,704.5114135742188,1028.4881591796875,713.2614135742188]	/tmp/webui-craft-round4-s8.75-i6.50.png	31a801859681dc13e6c14fbaacf9952dda6f2f2c8ef33dd13a447770c5068161	(1991,1359)-(2060,1428)/139/touch=0/min=1/selected=0;(2031,1399)-(2050,1418)/210/touch=0/min=1/selected=1	(2031,1399)-(2050,1418)	20,20
8.77	7.00	8.76562px	8.76562px	7px	7px	[604.2838745117188,166.71148681640625,1034.9881591796875,719.7614135742188]	[1019.2225391796875,703.9957935742187,1027.9881591796875,712.7614135742188]	/tmp/webui-craft-round4-s8.77-i7.00.png	d9c347b66b4472516d355c50ddc1c78831ad8ba897cd081fdb05ebf003a3cf49	(1991,1359)-(2060,1428)/139/touch=0/min=1/selected=0;(2029,1398)-(2050,1418)/247/touch=0/min=1/selected=1	(2029,1398)-(2050,1418)	20,20
8.77	6.99	8.76562px	8.76562px	6.99px	6.99px	[604.2838745117188,166.71148681640625,1034.9881591796875,719.7614135742188]	[1019.2325391796875,704.0057935742187,1027.9981591796875,712.7714135742187]	/tmp/webui-craft-round4-s8.77-i6.99.png	7ead45828e66210d91624976864d71899f9cf6c38785049fd092b3875db50b18	(1991,1359)-(2060,1428)/139/touch=0/min=1/selected=0;(2029,1398)-(2050,1418)/252/touch=0/min=1/selected=1	(2029,1398)-(2050,1418)	20,20
8.77	6.98	8.76562px	8.76562px	6.98px	6.98px	[604.2838745117188,166.71148681640625,1034.9881591796875,719.7614135742188]	[1019.2425391796875,704.0157935742187,1028.0081591796875,712.7814135742187]	/tmp/webui-craft-round4-s8.77-i6.98.png	01dbe0d0079f8a471b1ed12aacdcf5a1667fb485adc4af3b24762664cbaf7787	(1991,1359)-(2060,1428)/139/touch=0/min=1/selected=0;(2029,1397)-(2050,1418)/253/touch=0/min=1/selected=1	(2029,1397)-(2050,1418)	20,20
8.77	6.97	8.76562px	8.76562px	6.97px	6.97px	[604.2838745117188,166.71148681640625,1034.9881591796875,719.7614135742188]	[1019.2525391796875,704.0257935742187,1028.0181591796875,712.7914135742187]	/tmp/webui-craft-round4-s8.77-i6.97.png	01dbe0d0079f8a471b1ed12aacdcf5a1667fb485adc4af3b24762664cbaf7787	(1991,1359)-(2060,1428)/139/touch=0/min=1/selected=0;(2029,1397)-(2050,1418)/253/touch=0/min=1/selected=1	(2029,1397)-(2050,1418)	20,20
8.77	6.96	8.76562px	8.76562px	6.96px	6.96px	[604.2838745117188,166.71148681640625,1034.9881591796875,719.7614135742188]	[1019.2625391796875,704.0357935742187,1028.0281591796875,712.8014135742187]	/tmp/webui-craft-round4-s8.77-i6.96.png	4b941021b2773251e414476e922838bd563044d4df87e8656cea96eaacc57649	(1991,1359)-(2060,1428)/139/touch=0/min=1/selected=0;(2029,1397)-(2050,1418)/253/touch=0/min=1/selected=1	(2029,1397)-(2050,1418)	20,20
8.77	6.94	8.76562px	8.76562px	6.94px	6.94px	[604.2838745117188,166.71148681640625,1034.9881591796875,719.7614135742188]	[1019.2825391796874,704.0557935742187,1028.0481591796874,712.8214135742187]	/tmp/webui-craft-round4-s8.77-i6.94.png	a15be5ddef585141a2485c735661bea3f39d24c9e73d4248c2f34fdb3f767741	(1991,1359)-(2060,1428)/139/touch=0/min=1/selected=0;(2029,1397)-(2050,1418)/253/touch=0/min=1/selected=1	(2029,1397)-(2050,1418)	20,20
8.77	6.93	8.76562px	8.76562px	6.93px	6.93px	[604.2838745117188,166.71148681640625,1034.9881591796875,719.7614135742188]	[1019.2925391796874,704.0657935742188,1028.0581591796874,712.8314135742188]	/tmp/webui-craft-round4-s8.77-i6.93.png	35509cb9b4400e0cb7c8d89118501ee1aa097210803399b9de16720b93bca960	(1991,1359)-(2060,1428)/139/touch=0/min=1/selected=0;(2029,1398)-(2050,1418)/252/touch=0/min=1/selected=1	(2029,1398)-(2050,1418)	20,20
8.77	6.91	8.76562px	8.76562px	6.91px	6.91px	[604.2838745117188,166.71148681640625,1034.9881591796875,719.7614135742188]	[1019.3125391796874,704.0857935742188,1028.0781591796874,712.8514135742188]	/tmp/webui-craft-round4-s8.77-i6.91.png	e2bf61876f64f0957157d3e3061359f666bc72cc5dd69f58b019533607918d46	(1991,1359)-(2060,1428)/139/touch=0/min=1/selected=0;(2029,1398)-(2050,1418)/252/touch=0/min=1/selected=1	(2029,1398)-(2050,1418)	20,20
8.77	6.87	8.76562px	8.76562px	6.87px	6.87px	[604.2838745117188,166.71148681640625,1034.9881591796875,719.7614135742188]	[1019.3525391796876,704.1257935742187,1028.1181591796876,712.8914135742187]	/tmp/webui-craft-round4-s8.77-i6.87.png	a5f0e74c9babaf788f1cc7686347eed4dffa6b68000dc59156f65fde8503833c	(1991,1359)-(2060,1428)/139/touch=0/min=1/selected=0;(2029,1397)-(2050,1418)/253/touch=0/min=1/selected=1	(2029,1397)-(2050,1418)	20,20
8.77	6.86	8.76562px	8.76562px	6.86px	6.86px	[604.2838745117188,166.71148681640625,1034.9881591796875,719.7614135742188]	[1019.3625391796876,704.1357935742187,1028.1281591796876,712.9014135742187]	/tmp/webui-craft-round4-s8.77-i6.86.png	a5f0e74c9babaf788f1cc7686347eed4dffa6b68000dc59156f65fde8503833c	(1991,1359)-(2060,1428)/139/touch=0/min=1/selected=0;(2029,1397)-(2050,1418)/253/touch=0/min=1/selected=1	(2029,1397)-(2050,1418)	20,20
8.77	6.85	8.76562px	8.76562px	6.85px	6.85px	[604.2838745117188,166.71148681640625,1034.9881591796875,719.7614135742188]	[1019.3725391796876,704.1457935742187,1028.1381591796876,712.9114135742187]	/tmp/webui-craft-round4-s8.77-i6.85.png	8429eb815e1ede1b9523f6ce970a36c52485913a18795011e84b9cac16a32eeb	(1991,1359)-(2060,1428)/139/touch=0/min=1/selected=0;(2029,1397)-(2050,1418)/253/touch=0/min=1/selected=1	(2029,1397)-(2050,1418)	20,20
8.77	6.83	8.76562px	8.76562px	6.83px	6.83px	[604.2838745117188,166.71148681640625,1034.9881591796875,719.7614135742188]	[1019.3925391796876,704.1657935742187,1028.1581591796876,712.9314135742187]	/tmp/webui-craft-round4-s8.77-i6.83.png	3092dd87b8573e0d188a76e133486578e854a35b41c5708fb740ea8e48cb40eb	(1991,1359)-(2060,1428)/139/touch=0/min=1/selected=0;(2029,1398)-(2050,1418)/243/touch=0/min=1/selected=1	(2029,1398)-(2050,1418)	20,20
8.77	6.82	8.76562px	8.76562px	6.82px	6.82px	[604.2838745117188,166.71148681640625,1034.9881591796875,719.7614135742188]	[1019.4025391796876,704.1757935742187,1028.1681591796876,712.9414135742187]	/tmp/webui-craft-round4-s8.77-i6.82.png	e16c41332c2a47d6257659b061f4599b92784510f9113d8030a90bc73ad6217a	(1991,1359)-(2060,1428)/139/touch=0/min=1/selected=0;(2030,1398)-(2050,1418)/231/touch=0/min=1/selected=1	(2030,1398)-(2050,1418)	20,20
8.77	6.81	8.76562px	8.76562px	6.81px	6.81px	[604.2838745117188,166.71148681640625,1034.9881591796875,719.7614135742188]	[1019.4125391796875,704.1857935742188,1028.1781591796876,712.9514135742188]	/tmp/webui-craft-round4-s8.77-i6.81.png	9cd74b93b3e923713bdf919bb87a9e604a81e89423dbbd31d66226ff5e5df13f	(1991,1359)-(2060,1428)/139/touch=0/min=1/selected=0;(2030,1398)-(2050,1418)/231/touch=0/min=1/selected=1	(2030,1398)-(2050,1418)	20,20
8.77	6.69	8.76562px	8.76562px	6.69px	6.69px	[604.2838745117188,166.71148681640625,1034.9881591796875,719.7614135742188]	[1019.5325391796874,704.3057935742187,1028.2981591796874,713.0714135742187]	/tmp/webui-craft-round4-s8.77-i6.69.png	8fbf93cec71503b1d80458d823ae358523db2d51a404a2aebe6c393dee06f697	(1991,1359)-(2060,1428)/139/touch=0/min=1/selected=0;(2030,1399)-(2050,1418)/230/touch=0/min=1/selected=1	(2030,1399)-(2050,1418)	20,20
8.77	6.68	8.76562px	8.76562px	6.68px	6.68px	[604.2838745117188,166.71148681640625,1034.9881591796875,719.7614135742188]	[1019.5425391796874,704.3157935742188,1028.3081591796874,713.0814135742188]	/tmp/webui-craft-round4-s8.77-i6.68.png	902b9345c7427087e767de6e52b1ace4ba34b516bfbf93d2ec89017f4701e442	(1991,1359)-(2060,1428)/139/touch=0/min=1/selected=0;(2030,1399)-(2050,1418)/230/touch=0/min=1/selected=1	(2030,1399)-(2050,1418)	20,20
8.77	6.62	8.76562px	8.76562px	6.62px	6.62px	[604.2838745117188,166.71148681640625,1034.9881591796875,719.7614135742188]	[1019.6025391796876,704.3757935742187,1028.3681591796876,713.1414135742187]	/tmp/webui-craft-round4-s8.77-i6.62.png	188f60c773c83b0746ee228b6d8fe6792c648ffaf74158302f658552b77a877a	(1991,1359)-(2060,1428)/139/touch=0/min=1/selected=0;(2031,1399)-(2050,1418)/210/touch=0/min=1/selected=1	(2031,1399)-(2050,1418)	20,20
8.77	6.50	8.76562px	8.76562px	6.5px	6.5px	[604.2838745117188,166.71148681640625,1034.9881591796875,719.7614135742188]	[1019.7225391796875,704.4957935742187,1028.4881591796875,713.2614135742188]	/tmp/webui-craft-round4-s8.77-i6.50.png	87821e7943ee5ccc84e589741660e2737e4982072ea7e59566a6908a63362d97	(1991,1359)-(2060,1428)/139/touch=0/min=1/selected=0;(2031,1399)-(2050,1418)/210/touch=0/min=1/selected=1	(2031,1399)-(2050,1418)	20,20
8.79	7.00	8.78125px	8.78125px	7px	7px	[604.2838745117188,166.71148681640625,1034.9881591796875,719.7614135742188]	[1019.2069091796875,703.9801635742188,1027.9881591796875,712.7614135742188]	/tmp/webui-craft-round4-s8.79-i7.00.png	aa22b95a017fdb329d9dbd11ae958b0a5e0645b58a5a0bd362f9eb7527a9b2a5	(1991,1359)-(2060,1428)/139/touch=0/min=1/selected=0;(2029,1398)-(2050,1418)/247/touch=0/min=1/selected=1	(2029,1398)-(2050,1418)	20,20
8.79	6.99	8.78125px	8.78125px	6.99px	6.99px	[604.2838745117188,166.71148681640625,1034.9881591796875,719.7614135742188]	[1019.2169091796875,703.9901635742187,1027.9981591796875,712.7714135742187]	/tmp/webui-craft-round4-s8.79-i6.99.png	0ebfbfd78925f25e32ea13814151d2ab3761af49f62bb06983975916aa177d29	(1991,1359)-(2060,1428)/139/touch=0/min=1/selected=0;(2029,1398)-(2050,1418)/252/touch=0/min=1/selected=1	(2029,1398)-(2050,1418)	20,20
8.79	6.98	8.78125px	8.78125px	6.98px	6.98px	[604.2838745117188,166.71148681640625,1034.9881591796875,719.7614135742188]	[1019.2269091796875,704.0001635742187,1028.0081591796875,712.7814135742187]	/tmp/webui-craft-round4-s8.79-i6.98.png	b354972878839ec4656ee5aeaa45118c46541940ddab75f5fa0704a227f3fe0d	(1991,1359)-(2060,1428)/139/touch=0/min=1/selected=0;(2029,1397)-(2050,1418)/253/touch=0/min=1/selected=1	(2029,1397)-(2050,1418)	20,20
8.79	6.97	8.78125px	8.78125px	6.97px	6.97px	[604.2838745117188,166.71148681640625,1034.9881591796875,719.7614135742188]	[1019.2369091796875,704.0101635742187,1028.0181591796875,712.7914135742187]	/tmp/webui-craft-round4-s8.79-i6.97.png	b354972878839ec4656ee5aeaa45118c46541940ddab75f5fa0704a227f3fe0d	(1991,1359)-(2060,1428)/139/touch=0/min=1/selected=0;(2029,1397)-(2050,1418)/253/touch=0/min=1/selected=1	(2029,1397)-(2050,1418)	20,20
8.79	6.96	8.78125px	8.78125px	6.96px	6.96px	[604.2838745117188,166.71148681640625,1034.9881591796875,719.7614135742188]	[1019.2469091796875,704.0201635742187,1028.0281591796875,712.8014135742187]	/tmp/webui-craft-round4-s8.79-i6.96.png	3e281ba4bfdde82912777f52f71b95134f351d4ba980bd57ddd036a0341ce944	(1991,1359)-(2060,1428)/139/touch=0/min=1/selected=0;(2029,1397)-(2050,1418)/253/touch=0/min=1/selected=1	(2029,1397)-(2050,1418)	20,20
8.79	6.94	8.78125px	8.78125px	6.94px	6.94px	[604.2838745117188,166.71148681640625,1034.9881591796875,719.7614135742188]	[1019.2669091796874,704.0401635742187,1028.0481591796874,712.8214135742187]	/tmp/webui-craft-round4-s8.79-i6.94.png	248936a530124ea25ba5c29cf8dd8c713d580c981afbf04e57be317ed58a2c76	(1991,1359)-(2060,1428)/139/touch=0/min=1/selected=0;(2029,1397)-(2050,1418)/253/touch=0/min=1/selected=1	(2029,1397)-(2050,1418)	20,20
8.79	6.93	8.78125px	8.78125px	6.93px	6.93px	[604.2838745117188,166.71148681640625,1034.9881591796875,719.7614135742188]	[1019.2769091796874,704.0501635742188,1028.0581591796874,712.8314135742188]	/tmp/webui-craft-round4-s8.79-i6.93.png	4d1eefe8953339bd3982e6e1c3dd799deab3e694fe18716754c28584b1015e80	(1991,1359)-(2060,1428)/139/touch=0/min=1/selected=0;(2029,1397)-(2050,1418)/253/touch=0/min=1/selected=1	(2029,1397)-(2050,1418)	20,20
8.79	6.91	8.78125px	8.78125px	6.91px	6.91px	[604.2838745117188,166.71148681640625,1034.9881591796875,719.7614135742188]	[1019.2969091796874,704.0701635742188,1028.0781591796874,712.8514135742188]	/tmp/webui-craft-round4-s8.79-i6.91.png	cfccdc703cd6d7049120ab8d5b56bff97050c968604708793b530dc402bf3085	(1991,1359)-(2060,1428)/139/touch=0/min=1/selected=0;(2029,1398)-(2050,1418)/252/touch=0/min=1/selected=1	(2029,1398)-(2050,1418)	20,20
8.79	6.87	8.78125px	8.78125px	6.87px	6.87px	[604.2838745117188,166.71148681640625,1034.9881591796875,719.7614135742188]	[1019.3369091796876,704.1101635742187,1028.1181591796876,712.8914135742187]	/tmp/webui-craft-round4-s8.79-i6.87.png	dc0e05246d068e9456796216aa86883f3944a79bbe8a39d4ac462bf12c67c23f	(1991,1359)-(2060,1428)/139/touch=0/min=1/selected=0;(2029,1397)-(2050,1418)/253/touch=0/min=1/selected=1	(2029,1397)-(2050,1418)	20,20
8.79	6.86	8.78125px	8.78125px	6.86px	6.86px	[604.2838745117188,166.71148681640625,1034.9881591796875,719.7614135742188]	[1019.3469091796876,704.1201635742187,1028.1281591796876,712.9014135742187]	/tmp/webui-craft-round4-s8.79-i6.86.png	dc0e05246d068e9456796216aa86883f3944a79bbe8a39d4ac462bf12c67c23f	(1991,1359)-(2060,1428)/139/touch=0/min=1/selected=0;(2029,1397)-(2050,1418)/253/touch=0/min=1/selected=1	(2029,1397)-(2050,1418)	20,20
8.79	6.85	8.78125px	8.78125px	6.85px	6.85px	[604.2838745117188,166.71148681640625,1034.9881591796875,719.7614135742188]	[1019.3569091796876,704.1301635742187,1028.1381591796876,712.9114135742187]	/tmp/webui-craft-round4-s8.79-i6.85.png	8429eb815e1ede1b9523f6ce970a36c52485913a18795011e84b9cac16a32eeb	(1991,1359)-(2060,1428)/139/touch=0/min=1/selected=0;(2029,1397)-(2050,1418)/253/touch=0/min=1/selected=1	(2029,1397)-(2050,1418)	20,20
8.79	6.83	8.78125px	8.78125px	6.83px	6.83px	[604.2838745117188,166.71148681640625,1034.9881591796875,719.7614135742188]	[1019.3769091796876,704.1501635742187,1028.1581591796876,712.9314135742187]	/tmp/webui-craft-round4-s8.79-i6.83.png	f5d273ed84ef4ca7fb7edfbb3581c28eaf345ce66efdda750fe97cea2a9ef7cc	(1991,1359)-(2060,1428)/139/touch=0/min=1/selected=0;(2029,1397)-(2050,1418)/253/touch=0/min=1/selected=1	(2029,1397)-(2050,1418)	20,20
8.79	6.82	8.78125px	8.78125px	6.82px	6.82px	[604.2838745117188,166.71148681640625,1034.9881591796875,719.7614135742188]	[1019.3869091796876,704.1601635742187,1028.1681591796876,712.9414135742187]	/tmp/webui-craft-round4-s8.79-i6.82.png	b7889f833eaf38c0399895e44fb51d26458d9654b2b056c56d75db63d56e0ad3	(1991,1359)-(2060,1428)/139/touch=0/min=1/selected=0;(2029,1398)-(2050,1418)/232/touch=0/min=1/selected=1	(2029,1398)-(2050,1418)	20,20
8.79	6.81	8.78125px	8.78125px	6.81px	6.81px	[604.2838745117188,166.71148681640625,1034.9881591796875,719.7614135742188]	[1019.3969091796876,704.1701635742188,1028.1781591796876,712.9514135742188]	/tmp/webui-craft-round4-s8.79-i6.81.png	385ee299e1ac4e514609f3772164a255e53c3e2fbe2e3205f7fd4ef4f8be0fe7	(1991,1359)-(2060,1428)/139/touch=0/min=1/selected=0;(2030,1398)-(2050,1418)/231/touch=0/min=1/selected=1	(2030,1398)-(2050,1418)	20,20
8.79	6.69	8.78125px	8.78125px	6.69px	6.69px	[604.2838745117188,166.71148681640625,1034.9881591796875,719.7614135742188]	[1019.5169091796874,704.2901635742187,1028.2981591796874,713.0714135742187]	/tmp/webui-craft-round4-s8.79-i6.69.png	26f1c7bbfc4b19025587e53ee229f70b2d3ed5e46d55ac9ea22b4a2f74351bc9	(1991,1359)-(2060,1428)/139/touch=0/min=1/selected=0;(2030,1399)-(2050,1418)/230/touch=0/min=1/selected=1	(2030,1399)-(2050,1418)	20,20
8.79	6.68	8.78125px	8.78125px	6.68px	6.68px	[604.2838745117188,166.71148681640625,1034.9881591796875,719.7614135742188]	[1019.5269091796874,704.3001635742188,1028.3081591796874,713.0814135742188]	/tmp/webui-craft-round4-s8.79-i6.68.png	1ac411eaa58c592ea8bc86acf2be7a7a4670e164dae856086726434cc3df6c16	(1991,1359)-(2060,1428)/139/touch=0/min=1/selected=0;(2030,1399)-(2050,1418)/230/touch=0/min=1/selected=1	(2030,1399)-(2050,1418)	20,20
8.79	6.62	8.78125px	8.78125px	6.62px	6.62px	[604.2838745117188,166.71148681640625,1034.9881591796875,719.7614135742188]	[1019.5869091796876,704.3601635742187,1028.3681591796876,713.1414135742187]	/tmp/webui-craft-round4-s8.79-i6.62.png	f3281366257e9bb63c9dd8970726cf2a776185bbc1b7b73fdbcbe4b67ad73e53	(1991,1359)-(2060,1428)/139/touch=0/min=1/selected=0;(2031,1399)-(2050,1418)/210/touch=0/min=1/selected=1	(2031,1399)-(2050,1418)	20,20
8.79	6.50	8.78125px	8.78125px	6.5px	6.5px	[604.2838745117188,166.71148681640625,1034.9881591796875,719.7614135742188]	[1019.7069091796875,704.4801635742188,1028.4881591796875,713.2614135742188]	/tmp/webui-craft-round4-s8.79-i6.50.png	d7bdf9633eb8cbfd4485a3eb611861707aa94af7a65417c04e8d279b9c836852	(1991,1359)-(2060,1428)/139/touch=0/min=1/selected=0;(2031,1399)-(2050,1418)/210/touch=0/min=1/selected=1	(2031,1399)-(2050,1418)	20,20
8.80	7.00	8.79688px	8.79688px	7px	7px	[604.2838745117188,166.71148681640625,1034.9881591796875,719.7614135742188]	[1019.1912791796875,703.9645335742188,1027.9881591796875,712.7614135742188]	/tmp/webui-craft-round4-s8.80-i7.00.png	cd14aa851ee9892f7f2d9ba2992260d8279950f2e4cdb7e0bc7069b526320a92	(1991,1359)-(2060,1428)/139/touch=0/min=1/selected=0;(2028,1397)-(2050,1418)/255/touch=0/min=1/selected=1	(2028,1397)-(2050,1418)	20,20
8.80	6.99	8.79688px	8.79688px	6.99px	6.99px	[604.2838745117188,166.71148681640625,1034.9881591796875,719.7614135742188]	[1019.2012791796875,703.9745335742188,1027.9981591796875,712.7714135742187]	/tmp/webui-craft-round4-s8.80-i6.99.png	58876f4b1ba8d5c0a9c6d1f6c9d2212f9655bc32dc09283e2dd88d12f3529b33	(1991,1359)-(2060,1428)/139/touch=0/min=1/selected=0;(2029,1398)-(2050,1418)/252/touch=0/min=1/selected=1	(2029,1398)-(2050,1418)	20,20
8.80	6.98	8.79688px	8.79688px	6.98px	6.98px	[604.2838745117188,166.71148681640625,1034.9881591796875,719.7614135742188]	[1019.2112791796875,703.9845335742187,1028.0081591796875,712.7814135742187]	/tmp/webui-craft-round4-s8.80-i6.98.png	f2e012031acaa1010b61f766e4c1f2c31301e25756d8eb83bf48c57ecc835e27	(1991,1359)-(2060,1428)/139/touch=0/min=1/selected=0;(2029,1397)-(2050,1418)/253/touch=0/min=1/selected=1	(2029,1397)-(2050,1418)	20,20
8.80	6.97	8.79688px	8.79688px	6.97px	6.97px	[604.2838745117188,166.71148681640625,1034.9881591796875,719.7614135742188]	[1019.2212791796875,703.9945335742187,1028.0181591796875,712.7914135742187]	/tmp/webui-craft-round4-s8.80-i6.97.png	f2e012031acaa1010b61f766e4c1f2c31301e25756d8eb83bf48c57ecc835e27	(1991,1359)-(2060,1428)/139/touch=0/min=1/selected=0;(2029,1397)-(2050,1418)/253/touch=0/min=1/selected=1	(2029,1397)-(2050,1418)	20,20
8.80	6.96	8.79688px	8.79688px	6.96px	6.96px	[604.2838745117188,166.71148681640625,1034.9881591796875,719.7614135742188]	[1019.2312791796875,704.0045335742187,1028.0281591796875,712.8014135742187]	/tmp/webui-craft-round4-s8.80-i6.96.png	679d3e06165d2341b4943d3022cb3e31feecce2ec58e89f978ebea038a63f2c7	(1991,1359)-(2060,1428)/139/touch=0/min=1/selected=0;(2029,1397)-(2050,1418)/253/touch=0/min=1/selected=1	(2029,1397)-(2050,1418)	20,20
8.80	6.94	8.79688px	8.79688px	6.94px	6.94px	[604.2838745117188,166.71148681640625,1034.9881591796875,719.7614135742188]	[1019.2512791796875,704.0245335742187,1028.0481591796874,712.8214135742187]	/tmp/webui-craft-round4-s8.80-i6.94.png	b350356ab8c07a48d9ab2e0c29a4a0eb096b86c8c6271509cab35c939a8b10f8	(1991,1359)-(2060,1428)/139/touch=0/min=1/selected=0;(2029,1397)-(2050,1418)/253/touch=0/min=1/selected=1	(2029,1397)-(2050,1418)	20,20
8.80	6.93	8.79688px	8.79688px	6.93px	6.93px	[604.2838745117188,166.71148681640625,1034.9881591796875,719.7614135742188]	[1019.2612791796874,704.0345335742188,1028.0581591796874,712.8314135742188]	/tmp/webui-craft-round4-s8.80-i6.93.png	ad4c0352e91e36a9c7bdba53e8bb8670e9297219d1ec0a2c9a0cd15cccf66045	(1991,1359)-(2060,1428)/139/touch=0/min=1/selected=0;(2029,1397)-(2050,1418)/253/touch=0/min=1/selected=1	(2029,1397)-(2050,1418)	20,20
8.80	6.91	8.79688px	8.79688px	6.91px	6.91px	[604.2838745117188,166.71148681640625,1034.9881591796875,719.7614135742188]	[1019.2812791796874,704.0545335742188,1028.0781591796874,712.8514135742188]	/tmp/webui-craft-round4-s8.80-i6.91.png	4938687191d73947c192a99905aeede16280a815ccaea01aef2b9e1a852e8f51	(1991,1359)-(2060,1428)/139/touch=0/min=1/selected=0;(2029,1397)-(2050,1418)/253/touch=0/min=1/selected=1	(2029,1397)-(2050,1418)	20,20
8.80	6.87	8.79688px	8.79688px	6.87px	6.87px	[604.2838745117188,166.71148681640625,1034.9881591796875,719.7614135742188]	[1019.3212791796876,704.0945335742188,1028.1181591796876,712.8914135742187]	/tmp/webui-craft-round4-s8.80-i6.87.png	419a62e8dbba732081a95fec60bf3ccf085933a12637a23ff2bb9de45e7bbf15	(1991,1359)-(2060,1428)/139/touch=0/min=1/selected=0;(2029,1397)-(2050,1418)/253/touch=0/min=1/selected=1	(2029,1397)-(2050,1418)	20,20
8.80	6.86	8.79688px	8.79688px	6.86px	6.86px	[604.2838745117188,166.71148681640625,1034.9881591796875,719.7614135742188]	[1019.3312791796876,704.1045335742187,1028.1281591796876,712.9014135742187]	/tmp/webui-craft-round4-s8.80-i6.86.png	419a62e8dbba732081a95fec60bf3ccf085933a12637a23ff2bb9de45e7bbf15	(1991,1359)-(2060,1428)/139/touch=0/min=1/selected=0;(2029,1397)-(2050,1418)/253/touch=0/min=1/selected=1	(2029,1397)-(2050,1418)	20,20
8.80	6.85	8.79688px	8.79688px	6.85px	6.85px	[604.2838745117188,166.71148681640625,1034.9881591796875,719.7614135742188]	[1019.3412791796876,704.1145335742187,1028.1381591796876,712.9114135742187]	/tmp/webui-craft-round4-s8.80-i6.85.png	354165dbedc2670ce188469a50c2ef8a2e252e9ef059c4cc8ff597575cab401a	(1991,1359)-(2060,1428)/139/touch=0/min=1/selected=0;(2029,1397)-(2050,1418)/253/touch=0/min=1/selected=1	(2029,1397)-(2050,1418)	20,20
8.80	6.83	8.79688px	8.79688px	6.83px	6.83px	[604.2838745117188,166.71148681640625,1034.9881591796875,719.7614135742188]	[1019.3612791796876,704.1345335742187,1028.1581591796876,712.9314135742187]	/tmp/webui-craft-round4-s8.80-i6.83.png	f5d273ed84ef4ca7fb7edfbb3581c28eaf345ce66efdda750fe97cea2a9ef7cc	(1991,1359)-(2060,1428)/139/touch=0/min=1/selected=0;(2029,1397)-(2050,1418)/253/touch=0/min=1/selected=1	(2029,1397)-(2050,1418)	20,20
8.80	6.82	8.79688px	8.79688px	6.82px	6.82px	[604.2838745117188,166.71148681640625,1034.9881591796875,719.7614135742188]	[1019.3712791796876,704.1445335742187,1028.1681591796876,712.9414135742187]	/tmp/webui-craft-round4-s8.80-i6.82.png	ab2dfb737383082d4790d03cee3d5518af5d8c190e7e18eca391ea07f347635b	(1991,1359)-(2060,1428)/139/touch=0/min=1/selected=0;(2029,1397)-(2050,1418)/253/touch=0/min=1/selected=1	(2029,1397)-(2050,1418)	20,20
8.80	6.81	8.79688px	8.79688px	6.81px	6.81px	[604.2838745117188,166.71148681640625,1034.9881591796875,719.7614135742188]	[1019.3812791796876,704.1545335742188,1028.1781591796876,712.9514135742188]	/tmp/webui-craft-round4-s8.80-i6.81.png	fd6def27a6427182b7bdc248de70e80ac97f957202feaad1c9aff28b04cb6889	(1991,1359)-(2060,1428)/139/touch=0/min=1/selected=0;(2029,1398)-(2050,1418)/232/touch=0/min=1/selected=1	(2029,1398)-(2050,1418)	20,20
8.80	6.69	8.79688px	8.79688px	6.69px	6.69px	[604.2838745117188,166.71148681640625,1034.9881591796875,719.7614135742188]	[1019.5012791796875,704.2745335742187,1028.2981591796874,713.0714135742187]	/tmp/webui-craft-round4-s8.80-i6.69.png	6397a45f744b340e99acef7898e57274a2fdfd5d6a1252c7641af8aac2b557ef	(1991,1359)-(2060,1428)/139/touch=0/min=1/selected=0;(2030,1398)-(2050,1418)/231/touch=0/min=1/selected=1	(2030,1398)-(2050,1418)	20,20
8.80	6.68	8.79688px	8.79688px	6.68px	6.68px	[604.2838745117188,166.71148681640625,1034.9881591796875,719.7614135742188]	[1019.5112791796874,704.2845335742188,1028.3081591796874,713.0814135742188]	/tmp/webui-craft-round4-s8.80-i6.68.png	b5bd3645f9bc8d56cfac3d9417e350d46011df9e0f8a0a1ad86f26d09466d3b7	(1991,1359)-(2060,1428)/139/touch=0/min=1/selected=0;(2030,1399)-(2050,1418)/230/touch=0/min=1/selected=1	(2030,1399)-(2050,1418)	20,20
8.80	6.62	8.79688px	8.79688px	6.62px	6.62px	[604.2838745117188,166.71148681640625,1034.9881591796875,719.7614135742188]	[1019.5712791796876,704.3445335742188,1028.3681591796876,713.1414135742187]	/tmp/webui-craft-round4-s8.80-i6.62.png	c22566b8fa4c2dcff6b84be0a46047d88ea8243e041c539582c2ef971d1624f5	(1991,1359)-(2060,1428)/139/touch=0/min=1/selected=0;(2031,1399)-(2050,1418)/213/touch=0/min=1/selected=1	(2031,1399)-(2050,1418)	20,20
8.80	6.50	8.79688px	8.79688px	6.5px	6.5px	[604.2838745117188,166.71148681640625,1034.9881591796875,719.7614135742188]	[1019.6912791796875,704.4645335742188,1028.4881591796875,713.2614135742188]	/tmp/webui-craft-round4-s8.80-i6.50.png	1dd1db9aff6b3f648b5bcac7309b17dd020d5cc811fd74141b82679356b5eb2f	(1991,1359)-(2060,1428)/139/touch=0/min=1/selected=0;(2031,1399)-(2050,1418)/210/touch=0/min=1/selected=1	(2031,1399)-(2050,1418)	20,20
8.82	7.00	8.8125px	8.8125px	7px	7px	[604.2838745117188,166.71148681640625,1034.9881591796875,719.7614135742188]	[1019.1756591796875,703.9489135742188,1027.9881591796875,712.7614135742188]	/tmp/webui-craft-round4-s8.82-i7.00.png	91686475ef2e6e339f8dbe7a489f5029ddeb8ceea5fb0091930e39bb2d3529a4	(1991,1359)-(2060,1428)/139/touch=0/min=1/selected=0;(2028,1397)-(2050,1418)/270/touch=0/min=1/selected=1	(2028,1397)-(2050,1418)	20,20
8.82	6.99	8.8125px	8.8125px	6.99px	6.99px	[604.2838745117188,166.71148681640625,1034.9881591796875,719.7614135742188]	[1019.1856591796875,703.9589135742187,1027.9981591796875,712.7714135742187]	/tmp/webui-craft-round4-s8.82-i6.99.png	cec3d70531d6680098165ead795e820d591bd7144c967a1685c5f8f8bbf28861	(1991,1359)-(2060,1428)/139/touch=0/min=1/selected=0;(2029,1397)-(2050,1418)/254/touch=0/min=1/selected=1	(2029,1397)-(2050,1418)	20,20
8.82	6.98	8.8125px	8.8125px	6.98px	6.98px	[604.2838745117188,166.71148681640625,1034.9881591796875,719.7614135742188]	[1019.1956591796875,703.9689135742187,1028.0081591796875,712.7814135742187]	/tmp/webui-craft-round4-s8.82-i6.98.png	9ea1e624ef11507485a5918450b7eae780b2bde29cf9ba3bf0a99d182ab270e0	(1991,1359)-(2060,1428)/139/touch=0/min=1/selected=0;(2029,1397)-(2050,1418)/253/touch=0/min=1/selected=1	(2029,1397)-(2050,1418)	20,20
8.82	6.97	8.8125px	8.8125px	6.97px	6.97px	[604.2838745117188,166.71148681640625,1034.9881591796875,719.7614135742188]	[1019.2056591796875,703.9789135742187,1028.0181591796875,712.7914135742187]	/tmp/webui-craft-round4-s8.82-i6.97.png	9ea1e624ef11507485a5918450b7eae780b2bde29cf9ba3bf0a99d182ab270e0	(1991,1359)-(2060,1428)/139/touch=0/min=1/selected=0;(2029,1397)-(2050,1418)/253/touch=0/min=1/selected=1	(2029,1397)-(2050,1418)	20,20
8.82	6.96	8.8125px	8.8125px	6.96px	6.96px	[604.2838745117188,166.71148681640625,1034.9881591796875,719.7614135742188]	[1019.2156591796875,703.9889135742187,1028.0281591796875,712.8014135742187]	/tmp/webui-craft-round4-s8.82-i6.96.png	54b6520b86a222938909205d5ea8c93b851ecf88bd4feae7448800c857bd65ab	(1991,1359)-(2060,1428)/139/touch=0/min=1/selected=0;(2029,1397)-(2050,1418)/253/touch=0/min=1/selected=1	(2029,1397)-(2050,1418)	20,20
8.82	6.94	8.8125px	8.8125px	6.94px	6.94px	[604.2838745117188,166.71148681640625,1034.9881591796875,719.7614135742188]	[1019.2356591796874,704.0089135742187,1028.0481591796874,712.8214135742187]	/tmp/webui-craft-round4-s8.82-i6.94.png	9be56cc59e2dcd72b8a2f5fa3c6882b580f490169d300ff8e42a41d226ddea1d	(1991,1359)-(2060,1428)/139/touch=0/min=1/selected=0;(2029,1397)-(2050,1418)/253/touch=0/min=1/selected=1	(2029,1397)-(2050,1418)	20,20
8.82	6.93	8.8125px	8.8125px	6.93px	6.93px	[604.2838745117188,166.71148681640625,1034.9881591796875,719.7614135742188]	[1019.2456591796874,704.0189135742188,1028.0581591796874,712.8314135742188]	/tmp/webui-craft-round4-s8.82-i6.93.png	be316cf49a00b10dcb91c71354d4e915a9ed92a480504f215fc9a57003e2d12f	(1991,1359)-(2060,1428)/139/touch=0/min=1/selected=0;(2029,1397)-(2050,1418)/253/touch=0/min=1/selected=1	(2029,1397)-(2050,1418)	20,20
8.82	6.91	8.8125px	8.8125px	6.91px	6.91px	[604.2838745117188,166.71148681640625,1034.9881591796875,719.7614135742188]	[1019.2656591796874,704.0389135742188,1028.0781591796874,712.8514135742188]	/tmp/webui-craft-round4-s8.82-i6.91.png	9383ff2a55c749dd88ba477f9ace6479362c300bd47bbf180f661b07af3fda51	(1991,1359)-(2060,1428)/139/touch=0/min=1/selected=0;(2029,1397)-(2050,1418)/253/touch=0/min=1/selected=1	(2029,1397)-(2050,1418)	20,20
8.82	6.87	8.8125px	8.8125px	6.87px	6.87px	[604.2838745117188,166.71148681640625,1034.9881591796875,719.7614135742188]	[1019.3056591796876,704.0789135742187,1028.1181591796876,712.8914135742187]	/tmp/webui-craft-round4-s8.82-i6.87.png	f383a798150456df8c73b2d779a286a69a619f08ebb8c503edc3de9f3c37d090	(1991,1359)-(2060,1428)/139/touch=0/min=1/selected=0;(2029,1397)-(2050,1418)/253/touch=0/min=1/selected=1	(2029,1397)-(2050,1418)	20,20
8.82	6.86	8.8125px	8.8125px	6.86px	6.86px	[604.2838745117188,166.71148681640625,1034.9881591796875,719.7614135742188]	[1019.3156591796876,704.0889135742187,1028.1281591796876,712.9014135742187]	/tmp/webui-craft-round4-s8.82-i6.86.png	f383a798150456df8c73b2d779a286a69a619f08ebb8c503edc3de9f3c37d090	(1991,1359)-(2060,1428)/139/touch=0/min=1/selected=0;(2029,1397)-(2050,1418)/253/touch=0/min=1/selected=1	(2029,1397)-(2050,1418)	20,20
8.82	6.85	8.8125px	8.8125px	6.85px	6.85px	[604.2838745117188,166.71148681640625,1034.9881591796875,719.7614135742188]	[1019.3256591796876,704.0989135742187,1028.1381591796876,712.9114135742187]	/tmp/webui-craft-round4-s8.82-i6.85.png	8d7d2400dc8b83d9b933ce13ba215e3934d276e0ec449a479c78c597ab22a483	(1991,1359)-(2060,1428)/139/touch=0/min=1/selected=0;(2029,1397)-(2050,1418)/253/touch=0/min=1/selected=1	(2029,1397)-(2050,1418)	20,20
8.82	6.83	8.8125px	8.8125px	6.83px	6.83px	[604.2838745117188,166.71148681640625,1034.9881591796875,719.7614135742188]	[1019.3456591796876,704.1189135742187,1028.1581591796876,712.9314135742187]	/tmp/webui-craft-round4-s8.82-i6.83.png	52302c976a73aca85c184329fa1ab0038b72453d48531df9bf0faf8fc8e401c4	(1991,1359)-(2060,1428)/139/touch=0/min=1/selected=0;(2029,1397)-(2050,1418)/253/touch=0/min=1/selected=1	(2029,1397)-(2050,1418)	20,20
8.82	6.82	8.8125px	8.8125px	6.82px	6.82px	[604.2838745117188,166.71148681640625,1034.9881591796875,719.7614135742188]	[1019.3556591796876,704.1289135742187,1028.1681591796876,712.9414135742187]	/tmp/webui-craft-round4-s8.82-i6.82.png	ab2dfb737383082d4790d03cee3d5518af5d8c190e7e18eca391ea07f347635b	(1991,1359)-(2060,1428)/139/touch=0/min=1/selected=0;(2029,1397)-(2050,1418)/253/touch=0/min=1/selected=1	(2029,1397)-(2050,1418)	20,20
8.82	6.81	8.8125px	8.8125px	6.81px	6.81px	[604.2838745117188,166.71148681640625,1034.9881591796875,719.7614135742188]	[1019.3656591796876,704.1389135742188,1028.1781591796876,712.9514135742188]	/tmp/webui-craft-round4-s8.82-i6.81.png	fb56fe821d7d23eb3cbbca24e9791a6de251954ff584af90c7350553162dfd90	(1991,1359)-(2060,1428)/139/touch=0/min=1/selected=0;(2029,1398)-(2050,1418)/235/touch=0/min=1/selected=1	(2029,1398)-(2050,1418)	20,20
8.82	6.69	8.8125px	8.8125px	6.69px	6.69px	[604.2838745117188,166.71148681640625,1034.9881591796875,719.7614135742188]	[1019.4856591796874,704.2589135742187,1028.2981591796874,713.0714135742187]	/tmp/webui-craft-round4-s8.82-i6.69.png	e57e21d0b7df038251f8a183446afffb51219554f4813e53238cf2e72d569117	(1991,1359)-(2060,1428)/139/touch=0/min=1/selected=0;(2030,1398)-(2050,1418)/231/touch=0/min=1/selected=1	(2030,1398)-(2050,1418)	20,20
8.82	6.68	8.8125px	8.8125px	6.68px	6.68px	[604.2838745117188,166.71148681640625,1034.9881591796875,719.7614135742188]	[1019.4956591796874,704.2689135742188,1028.3081591796874,713.0814135742188]	/tmp/webui-craft-round4-s8.82-i6.68.png	e97f3156e02cd8419fef0d4aea62d711f8c9991c55f04cf6b41ec12bbea58a09	(1991,1359)-(2060,1428)/139/touch=0/min=1/selected=0;(2030,1398)-(2050,1418)/231/touch=0/min=1/selected=1	(2030,1398)-(2050,1418)	20,20
8.82	6.62	8.8125px	8.8125px	6.62px	6.62px	[604.2838745117188,166.71148681640625,1034.9881591796875,719.7614135742188]	[1019.5556591796876,704.3289135742187,1028.3681591796876,713.1414135742187]	/tmp/webui-craft-round4-s8.82-i6.62.png	d4690e367edf2aab51ad8147fa25b0ea1d45392b26a9dc6e5c35724226f0cdde	(1991,1359)-(2060,1428)/139/touch=0/min=1/selected=0;(2030,1399)-(2050,1418)/230/touch=0/min=1/selected=1	(2030,1399)-(2050,1418)	20,20
8.82	6.50	8.8125px	8.8125px	6.5px	6.5px	[604.2838745117188,166.71148681640625,1034.9881591796875,719.7614135742188]	[1019.6756591796875,704.4489135742188,1028.4881591796875,713.2614135742188]	/tmp/webui-craft-round4-s8.82-i6.50.png	6c1d9de3d2e3c5bff4df6b2e918b6759e698b5bb2cebe3408f64e9af8f99cf7d	(1991,1359)-(2060,1428)/139/touch=0/min=1/selected=0;(2031,1399)-(2050,1418)/210/touch=0/min=1/selected=1	(2031,1399)-(2050,1418)	20,20
8.83	7.00	8.82812px	8.82812px	7px	7px	[604.2838745117188,166.71148681640625,1034.9881591796875,719.7614135742188]	[1019.1600391796875,703.9332935742187,1027.9881591796875,712.7614135742188]	/tmp/webui-craft-round4-s8.83-i7.00.png	91686475ef2e6e339f8dbe7a489f5029ddeb8ceea5fb0091930e39bb2d3529a4	(1991,1359)-(2060,1428)/139/touch=0/min=1/selected=0;(2028,1397)-(2050,1418)/270/touch=0/min=1/selected=1	(2028,1397)-(2050,1418)	20,20
8.83	6.99	8.82812px	8.82812px	6.99px	6.99px	[604.2838745117188,166.71148681640625,1034.9881591796875,719.7614135742188]	[1019.1700391796875,703.9432935742187,1027.9981591796875,712.7714135742187]	/tmp/webui-craft-round4-s8.83-i6.99.png	3fb832c4c619b57105d8e54ca911215c89a72bf40ae6f78846f6256766dd1b1e	(1991,1359)-(2060,1428)/139/touch=0/min=1/selected=0;(2029,1397)-(2050,1418)/254/touch=0/min=1/selected=1	(2029,1397)-(2050,1418)	20,20
8.83	6.98	8.82812px	8.82812px	6.98px	6.98px	[604.2838745117188,166.71148681640625,1034.9881591796875,719.7614135742188]	[1019.1800391796875,703.9532935742187,1028.0081591796875,712.7814135742187]	/tmp/webui-craft-round4-s8.83-i6.98.png	35e04c01a986c0b480c5d294af24d2f90cb69a7b7705d2727eb89ebf69e8b0e5	(1991,1359)-(2060,1428)/139/touch=0/min=1/selected=0;(2029,1397)-(2050,1418)/253/touch=0/min=1/selected=1	(2029,1397)-(2050,1418)	20,20
8.83	6.97	8.82812px	8.82812px	6.97px	6.97px	[604.2838745117188,166.71148681640625,1034.9881591796875,719.7614135742188]	[1019.1900391796875,703.9632935742187,1028.0181591796875,712.7914135742187]	/tmp/webui-craft-round4-s8.83-i6.97.png	35e04c01a986c0b480c5d294af24d2f90cb69a7b7705d2727eb89ebf69e8b0e5	(1991,1359)-(2060,1428)/139/touch=0/min=1/selected=0;(2029,1397)-(2050,1418)/253/touch=0/min=1/selected=1	(2029,1397)-(2050,1418)	20,20
8.83	6.96	8.82812px	8.82812px	6.96px	6.96px	[604.2838745117188,166.71148681640625,1034.9881591796875,719.7614135742188]	[1019.2000391796875,703.9732935742187,1028.0281591796875,712.8014135742187]	/tmp/webui-craft-round4-s8.83-i6.96.png	714be43be8c5e14b658dcc4a19386782cfb400bc6cf96738b53d19a4d6087505	(1991,1359)-(2060,1428)/139/touch=0/min=1/selected=0;(2029,1397)-(2050,1418)/253/touch=0/min=1/selected=1	(2029,1397)-(2050,1418)	20,20
8.83	6.94	8.82812px	8.82812px	6.94px	6.94px	[604.2838745117188,166.71148681640625,1034.9881591796875,719.7614135742188]	[1019.2200391796874,703.9932935742187,1028.0481591796874,712.8214135742187]	/tmp/webui-craft-round4-s8.83-i6.94.png	3535d4b18cbf97fc4d8971cdb56d4c853abafbb74847eaa9a39997940d7eb00f	(1991,1359)-(2060,1428)/139/touch=0/min=1/selected=0;(2029,1397)-(2050,1418)/253/touch=0/min=1/selected=1	(2029,1397)-(2050,1418)	20,20
8.83	6.93	8.82812px	8.82812px	6.93px	6.93px	[604.2838745117188,166.71148681640625,1034.9881591796875,719.7614135742188]	[1019.2300391796874,704.0032935742188,1028.0581591796874,712.8314135742188]	/tmp/webui-craft-round4-s8.83-i6.93.png	e4f50a6cd23edd3cee7199ab2f5ff242fa1932f9cb6a3305ab099fac3b3ea8d7	(1991,1359)-(2060,1428)/139/touch=0/min=1/selected=0;(2029,1397)-(2050,1418)/253/touch=0/min=1/selected=1	(2029,1397)-(2050,1418)	20,20
8.83	6.91	8.82812px	8.82812px	6.91px	6.91px	[604.2838745117188,166.71148681640625,1034.9881591796875,719.7614135742188]	[1019.2500391796874,704.0232935742188,1028.0781591796874,712.8514135742188]	/tmp/webui-craft-round4-s8.83-i6.91.png	5bdc0fdc7d3b6c56e45de9acedfd25f41529f131dfe81f8021b89320837fdfc9	(1991,1359)-(2060,1428)/139/touch=0/min=1/selected=0;(2029,1397)-(2050,1418)/253/touch=0/min=1/selected=1	(2029,1397)-(2050,1418)	20,20
8.83	6.87	8.82812px	8.82812px	6.87px	6.87px	[604.2838745117188,166.71148681640625,1034.9881591796875,719.7614135742188]	[1019.2900391796876,704.0632935742187,1028.1181591796876,712.8914135742187]	/tmp/webui-craft-round4-s8.83-i6.87.png	ff32844dbe39e17efa0135933d236c0d17a5bfcd324030f7ad64c294e47022fc	(1991,1359)-(2060,1428)/139/touch=0/min=1/selected=0;(2029,1397)-(2050,1418)/253/touch=0/min=1/selected=1	(2029,1397)-(2050,1418)	20,20
8.83	6.86	8.82812px	8.82812px	6.86px	6.86px	[604.2838745117188,166.71148681640625,1034.9881591796875,719.7614135742188]	[1019.3000391796876,704.0732935742187,1028.1281591796876,712.9014135742187]	/tmp/webui-craft-round4-s8.83-i6.86.png	ff32844dbe39e17efa0135933d236c0d17a5bfcd324030f7ad64c294e47022fc	(1991,1359)-(2060,1428)/139/touch=0/min=1/selected=0;(2029,1397)-(2050,1418)/253/touch=0/min=1/selected=1	(2029,1397)-(2050,1418)	20,20
8.83	6.85	8.82812px	8.82812px	6.85px	6.85px	[604.2838745117188,166.71148681640625,1034.9881591796875,719.7614135742188]	[1019.3100391796876,704.0832935742187,1028.1381591796876,712.9114135742187]	/tmp/webui-craft-round4-s8.83-i6.85.png	0b398c01b0ae903c6ab21bae81a725fa6373d61b8a6120c3cc7850bf0adf0277	(1991,1359)-(2060,1428)/139/touch=0/min=1/selected=0;(2029,1397)-(2050,1418)/253/touch=0/min=1/selected=1	(2029,1397)-(2050,1418)	20,20
8.83	6.83	8.82812px	8.82812px	6.83px	6.83px	[604.2838745117188,166.71148681640625,1034.9881591796875,719.7614135742188]	[1019.3300391796876,704.1032935742187,1028.1581591796876,712.9314135742187]	/tmp/webui-craft-round4-s8.83-i6.83.png	bda33c6cc0954cae69abf7f625df1d0f4523b28c769f952588f185619e91354c	(1991,1359)-(2060,1428)/139/touch=0/min=1/selected=0;(2029,1397)-(2050,1418)/253/touch=0/min=1/selected=1	(2029,1397)-(2050,1418)	20,20
8.83	6.82	8.82812px	8.82812px	6.82px	6.82px	[604.2838745117188,166.71148681640625,1034.9881591796875,719.7614135742188]	[1019.3400391796876,704.1132935742187,1028.1681591796876,712.9414135742187]	/tmp/webui-craft-round4-s8.83-i6.82.png	6949de3573a4ea44cbe59cff5c45c2fb578c396162f0ce15bc55033d6d736654	(1991,1359)-(2060,1428)/139/touch=0/min=1/selected=0;(2029,1397)-(2050,1418)/253/touch=0/min=1/selected=1	(2029,1397)-(2050,1418)	20,20
8.83	6.81	8.82812px	8.82812px	6.81px	6.81px	[604.2838745117188,166.71148681640625,1034.9881591796875,719.7614135742188]	[1019.3500391796875,704.1232935742188,1028.1781591796876,712.9514135742188]	/tmp/webui-craft-round4-s8.83-i6.81.png	f7bfcd48393731b362d6a20cdd502bb7d5b3e8afce266d5461f4ebd79b0a381d	(1991,1359)-(2060,1428)/139/touch=0/min=1/selected=0;(2029,1398)-(2050,1418)/252/touch=0/min=1/selected=1	(2029,1398)-(2050,1418)	20,20
8.83	6.69	8.82812px	8.82812px	6.69px	6.69px	[604.2838745117188,166.71148681640625,1034.9881591796875,719.7614135742188]	[1019.4700391796874,704.2432935742187,1028.2981591796874,713.0714135742187]	/tmp/webui-craft-round4-s8.83-i6.69.png	f659ad1ad6eb2df1b0ee37040a422bdf87a35b1c5e62afca1309a141e4a1a2e1	(1991,1359)-(2060,1428)/139/touch=0/min=1/selected=0;(2030,1398)-(2050,1418)/231/touch=0/min=1/selected=1	(2030,1398)-(2050,1418)	20,20
8.83	6.68	8.82812px	8.82812px	6.68px	6.68px	[604.2838745117188,166.71148681640625,1034.9881591796875,719.7614135742188]	[1019.4800391796874,704.2532935742188,1028.3081591796874,713.0814135742188]	/tmp/webui-craft-round4-s8.83-i6.68.png	6f3175a2f098851ade5d274f907306dd0d594be45ed2be87bb089847c505997c	(1991,1359)-(2060,1428)/139/touch=0/min=1/selected=0;(2030,1398)-(2050,1418)/231/touch=0/min=1/selected=1	(2030,1398)-(2050,1418)	20,20
8.83	6.62	8.82812px	8.82812px	6.62px	6.62px	[604.2838745117188,166.71148681640625,1034.9881591796875,719.7614135742188]	[1019.5400391796876,704.3132935742187,1028.3681591796876,713.1414135742187]	/tmp/webui-craft-round4-s8.83-i6.62.png	d4690e367edf2aab51ad8147fa25b0ea1d45392b26a9dc6e5c35724226f0cdde	(1991,1359)-(2060,1428)/139/touch=0/min=1/selected=0;(2030,1399)-(2050,1418)/230/touch=0/min=1/selected=1	(2030,1399)-(2050,1418)	20,20
8.83	6.50	8.82812px	8.82812px	6.5px	6.5px	[604.2838745117188,166.71148681640625,1034.9881591796875,719.7614135742188]	[1019.6600391796875,704.4332935742187,1028.4881591796875,713.2614135742188]	/tmp/webui-craft-round4-s8.83-i6.50.png	602710ad95ef9fad3dbd209116e1086107d8675477dd2a577bbc0b759a3ccba5	(1991,1359)-(2060,1428)/139/touch=0/min=1/selected=0;(2031,1399)-(2050,1418)/210/touch=0/min=1/selected=1	(2031,1399)-(2050,1418)	20,20
8.85	7.00	8.84375px	8.84375px	7px	7px	[604.2838745117188,166.71148681640625,1034.9881591796875,719.7614135742188]	[1019.1444091796875,703.9176635742188,1027.9881591796875,712.7614135742188]	/tmp/webui-craft-round4-s8.85-i7.00.png	12f78668204f5c2d764a0153ea01fd7129229ad122e7faf7fb80ed9b5b514fd0	(1991,1359)-(2060,1428)/139/touch=0/min=1/selected=0;(2028,1397)-(2050,1418)/270/touch=0/min=1/selected=1	(2028,1397)-(2050,1418)	20,20
8.85	6.99	8.84375px	8.84375px	6.99px	6.99px	[604.2838745117188,166.71148681640625,1034.9881591796875,719.7614135742188]	[1019.1544091796875,703.9276635742187,1027.9981591796875,712.7714135742187]	/tmp/webui-craft-round4-s8.85-i6.99.png	638575780f515f30ba1f4e50b5acefb509bd90a008c334b8a3726f23d935476e	(1991,1359)-(2060,1428)/139/touch=0/min=1/selected=0;(2029,1397)-(2050,1418)/270/touch=0/min=1/selected=1	(2029,1397)-(2050,1418)	20,20
8.85	6.98	8.84375px	8.84375px	6.98px	6.98px	[604.2838745117188,166.71148681640625,1034.9881591796875,719.7614135742188]	[1019.1644091796875,703.9376635742187,1028.0081591796875,712.7814135742187]	/tmp/webui-craft-round4-s8.85-i6.98.png	21956c7551ee2b7f02239476f69083b69eab8578a4e6d5ddb1887a41777bb96c	(1991,1359)-(2060,1428)/139/touch=0/min=1/selected=0;(2029,1397)-(2050,1418)/253/touch=0/min=1/selected=1	(2029,1397)-(2050,1418)	20,20
8.85	6.97	8.84375px	8.84375px	6.97px	6.97px	[604.2838745117188,166.71148681640625,1034.9881591796875,719.7614135742188]	[1019.1744091796875,703.9476635742187,1028.0181591796875,712.7914135742187]	/tmp/webui-craft-round4-s8.85-i6.97.png	21956c7551ee2b7f02239476f69083b69eab8578a4e6d5ddb1887a41777bb96c	(1991,1359)-(2060,1428)/139/touch=0/min=1/selected=0;(2029,1397)-(2050,1418)/253/touch=0/min=1/selected=1	(2029,1397)-(2050,1418)	20,20
8.85	6.96	8.84375px	8.84375px	6.96px	6.96px	[604.2838745117188,166.71148681640625,1034.9881591796875,719.7614135742188]	[1019.1844091796875,703.9576635742187,1028.0281591796875,712.8014135742187]	/tmp/webui-craft-round4-s8.85-i6.96.png	6c6386b8502e1b09db91dc2b6ac7828b0cd0c444da88e649aca33759ac3f8171	(1991,1359)-(2060,1428)/139/touch=0/min=1/selected=0;(2029,1397)-(2050,1418)/253/touch=0/min=1/selected=1	(2029,1397)-(2050,1418)	20,20
8.85	6.94	8.84375px	8.84375px	6.94px	6.94px	[604.2838745117188,166.71148681640625,1034.9881591796875,719.7614135742188]	[1019.2044091796874,703.9776635742187,1028.0481591796874,712.8214135742187]	/tmp/webui-craft-round4-s8.85-i6.94.png	2fc2d149b31a2f9435576679792d8749ffcf6659e102d95c3a8b23597ac44ee7	(1991,1359)-(2060,1428)/139/touch=0/min=1/selected=0;(2029,1397)-(2050,1418)/253/touch=0/min=1/selected=1	(2029,1397)-(2050,1418)	20,20
8.85	6.93	8.84375px	8.84375px	6.93px	6.93px	[604.2838745117188,166.71148681640625,1034.9881591796875,719.7614135742188]	[1019.2144091796874,703.9876635742188,1028.0581591796874,712.8314135742188]	/tmp/webui-craft-round4-s8.85-i6.93.png	232ca417421ad22b9683066cc8c7b0489830ce96df0b46588f4629e2d7e49f4a	(1991,1359)-(2060,1428)/139/touch=0/min=1/selected=0;(2029,1397)-(2050,1418)/253/touch=0/min=1/selected=1	(2029,1397)-(2050,1418)	20,20
8.85	6.91	8.84375px	8.84375px	6.91px	6.91px	[604.2838745117188,166.71148681640625,1034.9881591796875,719.7614135742188]	[1019.2344091796874,704.0076635742188,1028.0781591796874,712.8514135742188]	/tmp/webui-craft-round4-s8.85-i6.91.png	e468762387ed58efd9e8ea3aa221e4c02b7ee1365671a403cfcc092e2a33f89a	(1991,1359)-(2060,1428)/139/touch=0/min=1/selected=0;(2029,1397)-(2050,1418)/253/touch=0/min=1/selected=1	(2029,1397)-(2050,1418)	20,20
8.85	6.87	8.84375px	8.84375px	6.87px	6.87px	[604.2838745117188,166.71148681640625,1034.9881591796875,719.7614135742188]	[1019.2744091796876,704.0476635742187,1028.1181591796876,712.8914135742187]	/tmp/webui-craft-round4-s8.85-i6.87.png	7e72dbc2e7b5d22b27b49ae56d0eee378f138bcbb29c1dad4f4ca424dd8998fc	(1991,1359)-(2060,1428)/139/touch=0/min=1/selected=0;(2029,1397)-(2050,1418)/253/touch=0/min=1/selected=1	(2029,1397)-(2050,1418)	20,20
8.85	6.86	8.84375px	8.84375px	6.86px	6.86px	[604.2838745117188,166.71148681640625,1034.9881591796875,719.7614135742188]	[1019.2844091796876,704.0576635742187,1028.1281591796876,712.9014135742187]	/tmp/webui-craft-round4-s8.85-i6.86.png	7e72dbc2e7b5d22b27b49ae56d0eee378f138bcbb29c1dad4f4ca424dd8998fc	(1991,1359)-(2060,1428)/139/touch=0/min=1/selected=0;(2029,1397)-(2050,1418)/253/touch=0/min=1/selected=1	(2029,1397)-(2050,1418)	20,20
8.85	6.85	8.84375px	8.84375px	6.85px	6.85px	[604.2838745117188,166.71148681640625,1034.9881591796875,719.7614135742188]	[1019.2944091796876,704.0676635742187,1028.1381591796876,712.9114135742187]	/tmp/webui-craft-round4-s8.85-i6.85.png	03d30ad4c97a706c4a5468d466d3578171e12eaff529250b8543b235cdb9887b	(1991,1359)-(2060,1428)/139/touch=0/min=1/selected=0;(2029,1397)-(2050,1418)/253/touch=0/min=1/selected=1	(2029,1397)-(2050,1418)	20,20
8.85	6.83	8.84375px	8.84375px	6.83px	6.83px	[604.2838745117188,166.71148681640625,1034.9881591796875,719.7614135742188]	[1019.3144091796876,704.0876635742187,1028.1581591796876,712.9314135742187]	/tmp/webui-craft-round4-s8.85-i6.83.png	5312701808ec40db81a7780b967a52d286ac98d476a437a807308707e017cecb	(1991,1359)-(2060,1428)/139/touch=0/min=1/selected=0;(2029,1397)-(2050,1418)/253/touch=0/min=1/selected=1	(2029,1397)-(2050,1418)	20,20
8.85	6.82	8.84375px	8.84375px	6.82px	6.82px	[604.2838745117188,166.71148681640625,1034.9881591796875,719.7614135742188]	[1019.3244091796876,704.0976635742187,1028.1681591796876,712.9414135742187]	/tmp/webui-craft-round4-s8.85-i6.82.png	473dbf0388f6dedb01467ca975e6540db4a1251e02db0991f46239cf8f8be855	(1991,1359)-(2060,1428)/139/touch=0/min=1/selected=0;(2029,1397)-(2050,1418)/253/touch=0/min=1/selected=1	(2029,1397)-(2050,1418)	20,20
8.85	6.81	8.84375px	8.84375px	6.81px	6.81px	[604.2838745117188,166.71148681640625,1034.9881591796875,719.7614135742188]	[1019.3344091796876,704.1076635742188,1028.1781591796876,712.9514135742188]	/tmp/webui-craft-round4-s8.85-i6.81.png	c79611d0657ba23e65a7ab53b6e6f5c4afec6b93dabdcc15c1a6e4c3ff14de1a	(1991,1359)-(2060,1428)/139/touch=0/min=1/selected=0;(2029,1398)-(2050,1418)/252/touch=0/min=1/selected=1	(2029,1398)-(2050,1418)	20,20
8.85	6.69	8.84375px	8.84375px	6.69px	6.69px	[604.2838745117188,166.71148681640625,1034.9881591796875,719.7614135742188]	[1019.4544091796874,704.2276635742187,1028.2981591796874,713.0714135742187]	/tmp/webui-craft-round4-s8.85-i6.69.png	27ff73c0f0e3cb11f3da8d50ae81845d970fea819ea71b9031c82cd0d153839d	(1991,1359)-(2060,1428)/139/touch=0/min=1/selected=0;(2030,1398)-(2050,1418)/231/touch=0/min=1/selected=1	(2030,1398)-(2050,1418)	20,20
8.85	6.68	8.84375px	8.84375px	6.68px	6.68px	[604.2838745117188,166.71148681640625,1034.9881591796875,719.7614135742188]	[1019.4644091796874,704.2376635742188,1028.3081591796874,713.0814135742188]	/tmp/webui-craft-round4-s8.85-i6.68.png	b330efccd1b432a468996e3d791d2ce5c012902c054ce3d04bb3f4d4dc790af5	(1991,1359)-(2060,1428)/139/touch=0/min=1/selected=0;(2030,1398)-(2050,1418)/231/touch=0/min=1/selected=1	(2030,1398)-(2050,1418)	20,20
8.85	6.62	8.84375px	8.84375px	6.62px	6.62px	[604.2838745117188,166.71148681640625,1034.9881591796875,719.7614135742188]	[1019.5244091796876,704.2976635742187,1028.3681591796876,713.1414135742187]	/tmp/webui-craft-round4-s8.85-i6.62.png	61509d0651e8ec1d01ece8317b64534484d504d57350f24f2df6d7610aa4b1e2	(1991,1359)-(2060,1428)/139/touch=0/min=1/selected=0;(2030,1399)-(2050,1418)/230/touch=0/min=1/selected=1	(2030,1399)-(2050,1418)	20,20
8.85	6.50	8.84375px	8.84375px	6.5px	6.5px	[604.2838745117188,166.71148681640625,1034.9881591796875,719.7614135742188]	[1019.6444091796875,704.4176635742188,1028.4881591796875,713.2614135742188]	/tmp/webui-craft-round4-s8.85-i6.50.png	fe5b7b62a547dd09f1c46f4a3b2afe7ce4669f40748125925ad6ec3d9aff049b	(1991,1359)-(2060,1428)/139/touch=0/min=1/selected=0;(2031,1399)-(2050,1418)/210/touch=0/min=1/selected=1	(2031,1399)-(2050,1418)	20,20
8.86	7.00	8.85938px	8.85938px	7px	7px	[604.2838745117188,166.71148681640625,1034.9881591796875,719.7614135742188]	[1019.1287791796875,703.9020335742188,1027.9881591796875,712.7614135742188]	/tmp/webui-craft-round4-s8.86-i7.00.png	6165ab5b70bb7121abd272bfc2ff2d146695f27cfd86f1f31507ac93c5b7fcd0	(1991,1359)-(2060,1428)/139/touch=0/min=1/selected=0;(2028,1397)-(2050,1418)/270/touch=0/min=1/selected=1	(2028,1397)-(2050,1418)	20,20
8.86	6.99	8.85938px	8.85938px	6.99px	6.99px	[604.2838745117188,166.71148681640625,1034.9881591796875,719.7614135742188]	[1019.1387791796875,703.9120335742188,1027.9981591796875,712.7714135742187]	/tmp/webui-craft-round4-s8.86-i6.99.png	f65eec9bd6c6da05b07adfc95d386dd5fbe4bf5ff0f6c7b6b024bff4cfb2bd11	(1991,1359)-(2060,1428)/139/touch=0/min=1/selected=0;(2029,1397)-(2050,1418)/271/touch=0/min=1/selected=1	(2029,1397)-(2050,1418)	20,20
8.86	6.98	8.85938px	8.85938px	6.98px	6.98px	[604.2838745117188,166.71148681640625,1034.9881591796875,719.7614135742188]	[1019.1487791796875,703.9220335742187,1028.0081591796875,712.7814135742187]	/tmp/webui-craft-round4-s8.86-i6.98.png	b2f4180bddba37e67674eaf1528e2e65d0f4c0638a98a091be782e39287e25e7	(1991,1359)-(2060,1428)/139/touch=0/min=1/selected=0;(2029,1397)-(2050,1418)/253/touch=0/min=1/selected=1	(2029,1397)-(2050,1418)	20,20
8.86	6.97	8.85938px	8.85938px	6.97px	6.97px	[604.2838745117188,166.71148681640625,1034.9881591796875,719.7614135742188]	[1019.1587791796875,703.9320335742187,1028.0181591796875,712.7914135742187]	/tmp/webui-craft-round4-s8.86-i6.97.png	b2f4180bddba37e67674eaf1528e2e65d0f4c0638a98a091be782e39287e25e7	(1991,1359)-(2060,1428)/139/touch=0/min=1/selected=0;(2029,1397)-(2050,1418)/253/touch=0/min=1/selected=1	(2029,1397)-(2050,1418)	20,20
8.86	6.96	8.85938px	8.85938px	6.96px	6.96px	[604.2838745117188,166.71148681640625,1034.9881591796875,719.7614135742188]	[1019.1687791796875,703.9420335742187,1028.0281591796875,712.8014135742187]	/tmp/webui-craft-round4-s8.86-i6.96.png	cf0e7770625387fb6d2b29644ffc7799a7f99b9efb60002d12db22cf7291a720	(1991,1359)-(2060,1428)/139/touch=0/min=1/selected=0;(2029,1397)-(2050,1418)/253/touch=0/min=1/selected=1	(2029,1397)-(2050,1418)	20,20
8.86	6.94	8.85938px	8.85938px	6.94px	6.94px	[604.2838745117188,166.71148681640625,1034.9881591796875,719.7614135742188]	[1019.1887791796875,703.9620335742187,1028.0481591796874,712.8214135742187]	/tmp/webui-craft-round4-s8.86-i6.94.png	1d23cbfc752cbe1a7fd28b00ab34afea42be9de6bfe8d6724eb14da7948ff0b4	(1991,1359)-(2060,1428)/139/touch=0/min=1/selected=0;(2029,1397)-(2050,1418)/253/touch=0/min=1/selected=1	(2029,1397)-(2050,1418)	20,20
8.86	6.93	8.85938px	8.85938px	6.93px	6.93px	[604.2838745117188,166.71148681640625,1034.9881591796875,719.7614135742188]	[1019.1987791796874,703.9720335742188,1028.0581591796874,712.8314135742188]	/tmp/webui-craft-round4-s8.86-i6.93.png	4c91b24f6f649a456650051b73709e1b20a01b6b4aec41774e6d3952e17fd79a	(1991,1359)-(2060,1428)/139/touch=0/min=1/selected=0;(2029,1397)-(2050,1418)/253/touch=0/min=1/selected=1	(2029,1397)-(2050,1418)	20,20
8.86	6.91	8.85938px	8.85938px	6.91px	6.91px	[604.2838745117188,166.71148681640625,1034.9881591796875,719.7614135742188]	[1019.2187791796874,703.9920335742188,1028.0781591796874,712.8514135742188]	/tmp/webui-craft-round4-s8.86-i6.91.png	84b7303ef4b55f46ab672e3f53d7c94bc053d4f734c80b58333222d548725256	(1991,1359)-(2060,1428)/139/touch=0/min=1/selected=0;(2029,1397)-(2050,1418)/253/touch=0/min=1/selected=1	(2029,1397)-(2050,1418)	20,20
8.86	6.87	8.85938px	8.85938px	6.87px	6.87px	[604.2838745117188,166.71148681640625,1034.9881591796875,719.7614135742188]	[1019.2587791796876,704.0320335742188,1028.1181591796876,712.8914135742187]	/tmp/webui-craft-round4-s8.86-i6.87.png	5f3ff9a268f7e3f4c78307870391e20ee02e8ec30fc495615d4ec881f64087ab	(1991,1359)-(2060,1428)/139/touch=0/min=1/selected=0;(2029,1397)-(2050,1418)/253/touch=0/min=1/selected=1	(2029,1397)-(2050,1418)	20,20
8.86	6.86	8.85938px	8.85938px	6.86px	6.86px	[604.2838745117188,166.71148681640625,1034.9881591796875,719.7614135742188]	[1019.2687791796876,704.0420335742187,1028.1281591796876,712.9014135742187]	/tmp/webui-craft-round4-s8.86-i6.86.png	5f3ff9a268f7e3f4c78307870391e20ee02e8ec30fc495615d4ec881f64087ab	(1991,1359)-(2060,1428)/139/touch=0/min=1/selected=0;(2029,1397)-(2050,1418)/253/touch=0/min=1/selected=1	(2029,1397)-(2050,1418)	20,20
8.86	6.85	8.85938px	8.85938px	6.85px	6.85px	[604.2838745117188,166.71148681640625,1034.9881591796875,719.7614135742188]	[1019.2787791796876,704.0520335742187,1028.1381591796876,712.9114135742187]	/tmp/webui-craft-round4-s8.86-i6.85.png	bd041a4961c4a3a98e9809ee87319f79f12c623a84c02678ea7628aa5549b122	(1991,1359)-(2060,1428)/139/touch=0/min=1/selected=0;(2029,1397)-(2050,1418)/253/touch=0/min=1/selected=1	(2029,1397)-(2050,1418)	20,20
8.86	6.83	8.85938px	8.85938px	6.83px	6.83px	[604.2838745117188,166.71148681640625,1034.9881591796875,719.7614135742188]	[1019.2987791796876,704.0720335742187,1028.1581591796876,712.9314135742187]	/tmp/webui-craft-round4-s8.86-i6.83.png	7071d6a9fc38f31feac12771dfae915d6f744f97f17cce12d8adc9df4593847e	(1991,1359)-(2060,1428)/139/touch=0/min=1/selected=0;(2029,1397)-(2050,1418)/253/touch=0/min=1/selected=1	(2029,1397)-(2050,1418)	20,20
8.86	6.82	8.85938px	8.85938px	6.82px	6.82px	[604.2838745117188,166.71148681640625,1034.9881591796875,719.7614135742188]	[1019.3087791796876,704.0820335742187,1028.1681591796876,712.9414135742187]	/tmp/webui-craft-round4-s8.86-i6.82.png	5373d19395f92db63f4eff3d4b7ff4626955619772e9add6102f0412590afba8	(1991,1359)-(2060,1428)/139/touch=0/min=1/selected=0;(2029,1397)-(2050,1418)/253/touch=0/min=1/selected=1	(2029,1397)-(2050,1418)	20,20
8.86	6.81	8.85938px	8.85938px	6.81px	6.81px	[604.2838745117188,166.71148681640625,1034.9881591796875,719.7614135742188]	[1019.3187791796876,704.0920335742188,1028.1781591796876,712.9514135742188]	/tmp/webui-craft-round4-s8.86-i6.81.png	0d42da68f8ce28d11bf1501cd85bd1f13711920ac02de4e3cc5941bc50be584d	(1991,1359)-(2060,1428)/139/touch=0/min=1/selected=0;(2029,1398)-(2050,1418)/252/touch=0/min=1/selected=1	(2029,1398)-(2050,1418)	20,20
8.86	6.69	8.85938px	8.85938px	6.69px	6.69px	[604.2838745117188,166.71148681640625,1034.9881591796875,719.7614135742188]	[1019.4387791796875,704.2120335742187,1028.2981591796874,713.0714135742187]	/tmp/webui-craft-round4-s8.86-i6.69.png	bb94598c5ab9bd685d3e93c279124e1f6df5f499b02fc38cfe5d17e98f6f3f80	(1991,1359)-(2060,1428)/139/touch=0/min=1/selected=0;(2030,1398)-(2050,1418)/231/touch=0/min=1/selected=1	(2030,1398)-(2050,1418)	20,20
8.86	6.68	8.85938px	8.85938px	6.68px	6.68px	[604.2838745117188,166.71148681640625,1034.9881591796875,719.7614135742188]	[1019.4487791796874,704.2220335742188,1028.3081591796874,713.0814135742188]	/tmp/webui-craft-round4-s8.86-i6.68.png	795807d5550da6321bf35a6695152cc01a0b2df34b08f307cd1a3ec2d436e55a	(1991,1359)-(2060,1428)/139/touch=0/min=1/selected=0;(2030,1398)-(2050,1418)/231/touch=0/min=1/selected=1	(2030,1398)-(2050,1418)	20,20
8.86	6.62	8.85938px	8.85938px	6.62px	6.62px	[604.2838745117188,166.71148681640625,1034.9881591796875,719.7614135742188]	[1019.5087791796876,704.2820335742188,1028.3681591796876,713.1414135742187]	/tmp/webui-craft-round4-s8.86-i6.62.png	9470a111d7ddd8b4eaa1255b66aa7c55fd2f71ab5bc4ef03dc6ba0565466aa44	(1991,1359)-(2060,1428)/139/touch=0/min=1/selected=0;(2030,1399)-(2050,1418)/230/touch=0/min=1/selected=1	(2030,1399)-(2050,1418)	20,20
8.86	6.50	8.85938px	8.85938px	6.5px	6.5px	[604.2838745117188,166.71148681640625,1034.9881591796875,719.7614135742188]	[1019.6287791796875,704.4020335742188,1028.4881591796875,713.2614135742188]	/tmp/webui-craft-round4-s8.86-i6.50.png	a748f32d6dbbcbb02c7c90f87e9ed919012ce90d671b8ae66921a1be1c644faf	(1991,1359)-(2060,1428)/139/touch=0/min=1/selected=0;(2031,1399)-(2050,1418)/210/touch=0/min=1/selected=1	(2031,1399)-(2050,1418)	20,20
8.88	7.00	8.875px	8.875px	7px	7px	[604.2838745117188,166.71148681640625,1034.9881591796875,719.7614135742188]	[1019.1131591796875,703.8864135742188,1027.9881591796875,712.7614135742188]	/tmp/webui-craft-round4-s8.88-i7.00.png	d6df97cef3daecc5172666ac909661675deb24000fc07a3cef6703b529b07c65	(1991,1359)-(2060,1428)/139/touch=0/min=1/selected=0;(2028,1397)-(2050,1418)/270/touch=0/min=1/selected=1	(2028,1397)-(2050,1418)	20,20
8.88	6.99	8.875px	8.875px	6.99px	6.99px	[604.2838745117188,166.71148681640625,1034.9881591796875,719.7614135742188]	[1019.1231591796875,703.8964135742187,1027.9981591796875,712.7714135742187]	/tmp/webui-craft-round4-s8.88-i6.99.png	08e4c7ab666d391641d6410cc8703bcd960997250747c7c033dc14a114155b48	(1991,1359)-(2060,1428)/139/touch=0/min=1/selected=0;(2029,1397)-(2050,1418)/272/touch=0/min=1/selected=1	(2029,1397)-(2050,1418)	20,20
8.88	6.98	8.875px	8.875px	6.98px	6.98px	[604.2838745117188,166.71148681640625,1034.9881591796875,719.7614135742188]	[1019.1331591796875,703.9064135742187,1028.0081591796875,712.7814135742187]	/tmp/webui-craft-round4-s8.88-i6.98.png	2af70e7f11b1b6de718d67cb13c3f3f7c16e571be9f677a50d603c554a31ba76	(1991,1359)-(2060,1428)/139/touch=0/min=1/selected=0;(2029,1397)-(2050,1418)/269/touch=0/min=1/selected=1	(2029,1397)-(2050,1418)	20,20
8.88	6.97	8.875px	8.875px	6.97px	6.97px	[604.2838745117188,166.71148681640625,1034.9881591796875,719.7614135742188]	[1019.1431591796875,703.9164135742187,1028.0181591796875,712.7914135742187]	/tmp/webui-craft-round4-s8.88-i6.97.png	2af70e7f11b1b6de718d67cb13c3f3f7c16e571be9f677a50d603c554a31ba76	(1991,1359)-(2060,1428)/139/touch=0/min=1/selected=0;(2029,1397)-(2050,1418)/269/touch=0/min=1/selected=1	(2029,1397)-(2050,1418)	20,20
8.88	6.96	8.875px	8.875px	6.96px	6.96px	[604.2838745117188,166.71148681640625,1034.9881591796875,719.7614135742188]	[1019.1531591796875,703.9264135742187,1028.0281591796875,712.8014135742187]	/tmp/webui-craft-round4-s8.88-i6.96.png	82ff35da971351b45275d90236837f67d19d895a2ff5500f5a10a7807bf958f0	(1991,1359)-(2060,1428)/139/touch=0/min=1/selected=0;(2029,1397)-(2050,1418)/253/touch=0/min=1/selected=1	(2029,1397)-(2050,1418)	20,20
8.88	6.94	8.875px	8.875px	6.94px	6.94px	[604.2838745117188,166.71148681640625,1034.9881591796875,719.7614135742188]	[1019.1731591796874,703.9464135742187,1028.0481591796874,712.8214135742187]	/tmp/webui-craft-round4-s8.88-i6.94.png	8614e9c233b2c1018043594e9f75e93a6d2c9f217eb46d5e7a442f088ef6a4a0	(1991,1359)-(2060,1428)/139/touch=0/min=1/selected=0;(2029,1397)-(2050,1418)/253/touch=0/min=1/selected=1	(2029,1397)-(2050,1418)	20,20
8.88	6.93	8.875px	8.875px	6.93px	6.93px	[604.2838745117188,166.71148681640625,1034.9881591796875,719.7614135742188]	[1019.1831591796874,703.9564135742188,1028.0581591796874,712.8314135742188]	/tmp/webui-craft-round4-s8.88-i6.93.png	1fbf1544726618fc6471919f947a65e15157d1d56941c14933089682513baca3	(1991,1359)-(2060,1428)/139/touch=0/min=1/selected=0;(2029,1397)-(2050,1418)/253/touch=0/min=1/selected=1	(2029,1397)-(2050,1418)	20,20
8.88	6.91	8.875px	8.875px	6.91px	6.91px	[604.2838745117188,166.71148681640625,1034.9881591796875,719.7614135742188]	[1019.2031591796874,703.9764135742188,1028.0781591796874,712.8514135742188]	/tmp/webui-craft-round4-s8.88-i6.91.png	371d4cd49c8123c20e94741aea16eb6ec8be4e5f6bd657eead22c29458c91945	(1991,1359)-(2060,1428)/139/touch=0/min=1/selected=0;(2029,1397)-(2050,1418)/253/touch=0/min=1/selected=1	(2029,1397)-(2050,1418)	20,20
8.88	6.87	8.875px	8.875px	6.87px	6.87px	[604.2838745117188,166.71148681640625,1034.9881591796875,719.7614135742188]	[1019.2431591796876,704.0164135742187,1028.1181591796876,712.8914135742187]	/tmp/webui-craft-round4-s8.88-i6.87.png	35e8c5ad26f0f0416973defbf24faaf9ed2ae1dffcc570bf2c26a73a89ed0a7d	(1991,1359)-(2060,1428)/139/touch=0/min=1/selected=0;(2029,1397)-(2050,1418)/253/touch=0/min=1/selected=1	(2029,1397)-(2050,1418)	20,20
8.88	6.86	8.875px	8.875px	6.86px	6.86px	[604.2838745117188,166.71148681640625,1034.9881591796875,719.7614135742188]	[1019.2531591796876,704.0264135742187,1028.1281591796876,712.9014135742187]	/tmp/webui-craft-round4-s8.88-i6.86.png	35e8c5ad26f0f0416973defbf24faaf9ed2ae1dffcc570bf2c26a73a89ed0a7d	(1991,1359)-(2060,1428)/139/touch=0/min=1/selected=0;(2029,1397)-(2050,1418)/253/touch=0/min=1/selected=1	(2029,1397)-(2050,1418)	20,20
8.88	6.85	8.875px	8.875px	6.85px	6.85px	[604.2838745117188,166.71148681640625,1034.9881591796875,719.7614135742188]	[1019.2631591796876,704.0364135742187,1028.1381591796876,712.9114135742187]	/tmp/webui-craft-round4-s8.88-i6.85.png	fa2c6883f453b2cccba9e53faa8155ca6e6809fc0f3cbcff505d6e757f7f38b5	(1991,1359)-(2060,1428)/139/touch=0/min=1/selected=0;(2029,1397)-(2050,1418)/253/touch=0/min=1/selected=1	(2029,1397)-(2050,1418)	20,20
8.88	6.83	8.875px	8.875px	6.83px	6.83px	[604.2838745117188,166.71148681640625,1034.9881591796875,719.7614135742188]	[1019.2831591796876,704.0564135742187,1028.1581591796876,712.9314135742187]	/tmp/webui-craft-round4-s8.88-i6.83.png	e4217090020f7b72b14df9b9cee7bddcc69aac9e2668c5072c613122e442c890	(1991,1359)-(2060,1428)/139/touch=0/min=1/selected=0;(2029,1397)-(2050,1418)/253/touch=0/min=1/selected=1	(2029,1397)-(2050,1418)	20,20
8.88	6.82	8.875px	8.875px	6.82px	6.82px	[604.2838745117188,166.71148681640625,1034.9881591796875,719.7614135742188]	[1019.2931591796876,704.0664135742187,1028.1681591796876,712.9414135742187]	/tmp/webui-craft-round4-s8.88-i6.82.png	864f3927ce85eb4c46dab5ac541b82c71780e3e3cab9e30dd526fed0993bc0b9	(1991,1359)-(2060,1428)/139/touch=0/min=1/selected=0;(2029,1397)-(2050,1418)/253/touch=0/min=1/selected=1	(2029,1397)-(2050,1418)	20,20
8.88	6.81	8.875px	8.875px	6.81px	6.81px	[604.2838745117188,166.71148681640625,1034.9881591796875,719.7614135742188]	[1019.3031591796876,704.0764135742188,1028.1781591796876,712.9514135742188]	/tmp/webui-craft-round4-s8.88-i6.81.png	b136bf09944a8ef3837f225fda59a5dedd721f205950c6edcfd00608694692a4	(1991,1359)-(2060,1428)/139/touch=0/min=1/selected=0;(2029,1398)-(2050,1418)/252/touch=0/min=1/selected=1	(2029,1398)-(2050,1418)	20,20
8.88	6.69	8.875px	8.875px	6.69px	6.69px	[604.2838745117188,166.71148681640625,1034.9881591796875,719.7614135742188]	[1019.4231591796874,704.1964135742187,1028.2981591796874,713.0714135742187]	/tmp/webui-craft-round4-s8.88-i6.69.png	baeef3173b7b6bd5119e9e54e03fbeb923e13d219bfe357af042394a489566a1	(1991,1359)-(2060,1428)/139/touch=0/min=1/selected=0;(2030,1398)-(2050,1418)/231/touch=0/min=1/selected=1	(2030,1398)-(2050,1418)	20,20
8.88	6.68	8.875px	8.875px	6.68px	6.68px	[604.2838745117188,166.71148681640625,1034.9881591796875,719.7614135742188]	[1019.4331591796874,704.2064135742188,1028.3081591796874,713.0814135742188]	/tmp/webui-craft-round4-s8.88-i6.68.png	c97512b738c9c8eb408f7464714e8200008e5fe01b0043861219554aeb8f80bb	(1991,1359)-(2060,1428)/139/touch=0/min=1/selected=0;(2030,1398)-(2050,1418)/231/touch=0/min=1/selected=1	(2030,1398)-(2050,1418)	20,20
8.88	6.62	8.875px	8.875px	6.62px	6.62px	[604.2838745117188,166.71148681640625,1034.9881591796875,719.7614135742188]	[1019.4931591796876,704.2664135742187,1028.3681591796876,713.1414135742187]	/tmp/webui-craft-round4-s8.88-i6.62.png	b44c0aceea3ef7ac5101a623eab9b1be3d5b8d9dcdd2ab8a67f790e9c83b951f	(1991,1359)-(2060,1428)/139/touch=0/min=1/selected=0;(2030,1399)-(2050,1418)/230/touch=0/min=1/selected=1	(2030,1399)-(2050,1418)	20,20
8.88	6.50	8.875px	8.875px	6.5px	6.5px	[604.2838745117188,166.71148681640625,1034.9881591796875,719.7614135742188]	[1019.6131591796875,704.3864135742188,1028.4881591796875,713.2614135742188]	/tmp/webui-craft-round4-s8.88-i6.50.png	a748f32d6dbbcbb02c7c90f87e9ed919012ce90d671b8ae66921a1be1c644faf	(1991,1359)-(2060,1428)/139/touch=0/min=1/selected=0;(2031,1399)-(2050,1418)/210/touch=0/min=1/selected=1	(2031,1399)-(2050,1418)	20,20
8.91	7.00	8.90625px	8.90625px	7px	7px	[604.2838745117188,166.71148681640625,1034.9881591796875,719.7614135742188]	[1019.0819091796875,703.8551635742188,1027.9881591796875,712.7614135742188]	/tmp/webui-craft-round4-s8.91-i7.00.png	e2741bb113d27fb06eaa5131ac490321171bbeb07dadefc9f4af1df856a9d0af	(1991,1359)-(2060,1428)/139/touch=0/min=1/selected=0;(2028,1397)-(2050,1418)/270/touch=0/min=1/selected=1	(2028,1397)-(2050,1418)	20,20
8.91	6.99	8.90625px	8.90625px	6.99px	6.99px	[604.2838745117188,166.71148681640625,1034.9881591796875,719.7614135742188]	[1019.0919091796875,703.8651635742187,1027.9981591796875,712.7714135742187]	/tmp/webui-craft-round4-s8.91-i6.99.png	cc9f0635873e77b01d6c064700dd5df6801ee1b8800710359685aac9eaf22980	(1991,1359)-(2060,1428)/139/touch=0/min=1/selected=0;(2028,1397)-(2050,1418)/275/touch=0/min=1/selected=1	(2028,1397)-(2050,1418)	20,20
8.91	6.98	8.90625px	8.90625px	6.98px	6.98px	[604.2838745117188,166.71148681640625,1034.9881591796875,719.7614135742188]	[1019.1019091796875,703.8751635742187,1028.0081591796875,712.7814135742187]	/tmp/webui-craft-round4-s8.91-i6.98.png	0ff4c3ec6d90b7dbbb651814997b8d40bf781479db35b07545ed6ebb29a08081	(1991,1359)-(2060,1428)/139/touch=0/min=1/selected=0;(2029,1397)-(2050,1418)/272/touch=0/min=1/selected=1	(2029,1397)-(2050,1418)	20,20
8.91	6.97	8.90625px	8.90625px	6.97px	6.97px	[604.2838745117188,166.71148681640625,1034.9881591796875,719.7614135742188]	[1019.1119091796875,703.8851635742187,1028.0181591796875,712.7914135742187]	/tmp/webui-craft-round4-s8.91-i6.97.png	0ff4c3ec6d90b7dbbb651814997b8d40bf781479db35b07545ed6ebb29a08081	(1991,1359)-(2060,1428)/139/touch=0/min=1/selected=0;(2029,1397)-(2050,1418)/272/touch=0/min=1/selected=1	(2029,1397)-(2050,1418)	20,20
8.91	6.96	8.90625px	8.90625px	6.96px	6.96px	[604.2838745117188,166.71148681640625,1034.9881591796875,719.7614135742188]	[1019.1219091796875,703.8951635742187,1028.0281591796875,712.8014135742187]	/tmp/webui-craft-round4-s8.91-i6.96.png	07b2db84ac4954f1175c9ca14288becdae6f7b68de0f101687ccb61d5860f5e7	(1991,1359)-(2060,1428)/139/touch=0/min=1/selected=0;(2029,1397)-(2050,1418)/266/touch=0/min=1/selected=1	(2029,1397)-(2050,1418)	20,20
8.91	6.94	8.90625px	8.90625px	6.94px	6.94px	[604.2838745117188,166.71148681640625,1034.9881591796875,719.7614135742188]	[1019.1419091796874,703.9151635742187,1028.0481591796874,712.8214135742187]	/tmp/webui-craft-round4-s8.91-i6.94.png	687022eb8b0bc4b160ce96f9cd4588ca742985fce3a9dabc22d53cc2e8b0c2d6	(1991,1359)-(2060,1428)/139/touch=0/min=1/selected=0;(2029,1397)-(2050,1418)/253/touch=0/min=1/selected=1	(2029,1397)-(2050,1418)	20,20
8.91	6.93	8.90625px	8.90625px	6.93px	6.93px	[604.2838745117188,166.71148681640625,1034.9881591796875,719.7614135742188]	[1019.1519091796874,703.9251635742188,1028.0581591796874,712.8314135742188]	/tmp/webui-craft-round4-s8.91-i6.93.png	4f1b0602247cbb3dee18c0387d939bf4b38bf4d7f9ddfbf01a713658c19b9763	(1991,1359)-(2060,1428)/139/touch=0/min=1/selected=0;(2029,1397)-(2050,1418)/253/touch=0/min=1/selected=1	(2029,1397)-(2050,1418)	20,20
8.91	6.91	8.90625px	8.90625px	6.91px	6.91px	[604.2838745117188,166.71148681640625,1034.9881591796875,719.7614135742188]	[1019.1719091796874,703.9451635742188,1028.0781591796874,712.8514135742188]	/tmp/webui-craft-round4-s8.91-i6.91.png	1ca8bba53e29b3778142b9e478c52edf256dd6eec81581895571223eddd63c5a	(1991,1359)-(2060,1428)/139/touch=0/min=1/selected=0;(2029,1397)-(2050,1418)/253/touch=0/min=1/selected=1	(2029,1397)-(2050,1418)	20,20
8.91	6.87	8.90625px	8.90625px	6.87px	6.87px	[604.2838745117188,166.71148681640625,1034.9881591796875,719.7614135742188]	[1019.2119091796876,703.9851635742187,1028.1181591796876,712.8914135742187]	/tmp/webui-craft-round4-s8.91-i6.87.png	c6aacbbd71cd7aaa0e72f514a9e918ec1c2387ae53056d6dbd19c8b2b4ab8fc0	(1991,1359)-(2060,1428)/139/touch=0/min=1/selected=0;(2029,1397)-(2050,1418)/253/touch=0/min=1/selected=1	(2029,1397)-(2050,1418)	20,20
8.91	6.86	8.90625px	8.90625px	6.86px	6.86px	[604.2838745117188,166.71148681640625,1034.9881591796875,719.7614135742188]	[1019.2219091796876,703.9951635742187,1028.1281591796876,712.9014135742187]	/tmp/webui-craft-round4-s8.91-i6.86.png	c6aacbbd71cd7aaa0e72f514a9e918ec1c2387ae53056d6dbd19c8b2b4ab8fc0	(1991,1359)-(2060,1428)/139/touch=0/min=1/selected=0;(2029,1397)-(2050,1418)/253/touch=0/min=1/selected=1	(2029,1397)-(2050,1418)	20,20
8.91	6.85	8.90625px	8.90625px	6.85px	6.85px	[604.2838745117188,166.71148681640625,1034.9881591796875,719.7614135742188]	[1019.2319091796876,704.0051635742187,1028.1381591796876,712.9114135742187]	/tmp/webui-craft-round4-s8.91-i6.85.png	1bfa62a640da9390f696f80a1a6176880c625e47e4f26c2479cc1d74786c1ea9	(1991,1359)-(2060,1428)/139/touch=0/min=1/selected=0;(2029,1397)-(2050,1418)/253/touch=0/min=1/selected=1	(2029,1397)-(2050,1418)	20,20
8.91	6.83	8.90625px	8.90625px	6.83px	6.83px	[604.2838745117188,166.71148681640625,1034.9881591796875,719.7614135742188]	[1019.2519091796876,704.0251635742187,1028.1581591796876,712.9314135742187]	/tmp/webui-craft-round4-s8.91-i6.83.png	636d8ecfa5db1003504e5f9ceb8141708966ad9d42741976ab2df16419cb3931	(1991,1359)-(2060,1428)/139/touch=0/min=1/selected=0;(2029,1397)-(2050,1418)/253/touch=0/min=1/selected=1	(2029,1397)-(2050,1418)	20,20
8.91	6.82	8.90625px	8.90625px	6.82px	6.82px	[604.2838745117188,166.71148681640625,1034.9881591796875,719.7614135742188]	[1019.2619091796876,704.0351635742187,1028.1681591796876,712.9414135742187]	/tmp/webui-craft-round4-s8.91-i6.82.png	a7aa86ddc0d3f166b3bb5269d8bc925436717ee43591707164cb7fba2a7a33b7	(1991,1359)-(2060,1428)/139/touch=0/min=1/selected=0;(2029,1397)-(2050,1418)/253/touch=0/min=1/selected=1	(2029,1397)-(2050,1418)	20,20
8.91	6.81	8.90625px	8.90625px	6.81px	6.81px	[604.2838745117188,166.71148681640625,1034.9881591796875,719.7614135742188]	[1019.2719091796876,704.0451635742188,1028.1781591796876,712.9514135742188]	/tmp/webui-craft-round4-s8.91-i6.81.png	241b880b11d0fb8dce75e9e02aee3ddf4f7eb2d17656a1b35647ab67d0e4d286	(1991,1359)-(2060,1428)/139/touch=0/min=1/selected=0;(2029,1397)-(2050,1418)/253/touch=0/min=1/selected=1	(2029,1397)-(2050,1418)	20,20
8.91	6.69	8.90625px	8.90625px	6.69px	6.69px	[604.2838745117188,166.71148681640625,1034.9881591796875,719.7614135742188]	[1019.3919091796874,704.1651635742187,1028.2981591796874,713.0714135742187]	/tmp/webui-craft-round4-s8.91-i6.69.png	551a3ec57bf44477da7f85f9c470821d9111a38b1c09d39edb4d73eb1c91f6fe	(1991,1359)-(2060,1428)/139/touch=0/min=1/selected=0;(2030,1398)-(2050,1418)/231/touch=0/min=1/selected=1	(2030,1398)-(2050,1418)	20,20
8.91	6.68	8.90625px	8.90625px	6.68px	6.68px	[604.2838745117188,166.71148681640625,1034.9881591796875,719.7614135742188]	[1019.4019091796874,704.1751635742188,1028.3081591796874,713.0814135742188]	/tmp/webui-craft-round4-s8.91-i6.68.png	2ca7e9f82ebb1779b72b0ef5bc8ad3ae1c096a925600b686d7099aed0cad3f9a	(1991,1359)-(2060,1428)/139/touch=0/min=1/selected=0;(2030,1398)-(2050,1418)/231/touch=0/min=1/selected=1	(2030,1398)-(2050,1418)	20,20
8.91	6.62	8.90625px	8.90625px	6.62px	6.62px	[604.2838745117188,166.71148681640625,1034.9881591796875,719.7614135742188]	[1019.4619091796876,704.2351635742187,1028.3681591796876,713.1414135742187]	/tmp/webui-craft-round4-s8.91-i6.62.png	87d08e80fc95d2fcd887ef846d2ecf129799d80de686bd0cd06ad0916b415332	(1991,1359)-(2060,1428)/139/touch=0/min=1/selected=0;(2030,1398)-(2050,1418)/231/touch=0/min=1/selected=1	(2030,1398)-(2050,1418)	20,20
8.91	6.50	8.90625px	8.90625px	6.5px	6.5px	[604.2838745117188,166.71148681640625,1034.9881591796875,719.7614135742188]	[1019.5819091796875,704.3551635742188,1028.4881591796875,713.2614135742188]	/tmp/webui-craft-round4-s8.91-i6.50.png	85fe3c6521a9b5d6a79a61e01ae52ad492010ac04e094735da6051ee33ab3c06	(1991,1359)-(2060,1428)/139/touch=0/min=1/selected=0;(2031,1399)-(2050,1418)/210/touch=0/min=1/selected=1	(2031,1399)-(2050,1418)	20,20
8.93	7.00	8.92188px	8.92188px	7px	7px	[604.2838745117188,166.71148681640625,1034.9881591796875,719.7614135742188]	[1019.0662791796875,703.8395335742188,1027.9881591796875,712.7614135742188]	/tmp/webui-craft-round4-s8.93-i7.00.png	f5b668d6099143c478b72392be49ca5b2f4f92786971d1da70682d0505f4dc26	(1991,1359)-(2060,1428)/139/touch=0/min=1/selected=0;(2028,1397)-(2050,1418)/270/touch=0/min=1/selected=1	(2028,1397)-(2050,1418)	20,20
8.93	6.99	8.92188px	8.92188px	6.99px	6.99px	[604.2838745117188,166.71148681640625,1034.9881591796875,719.7614135742188]	[1019.0762791796875,703.8495335742188,1027.9981591796875,712.7714135742187]	/tmp/webui-craft-round4-s8.93-i6.99.png	5b5562a294ff5ffc64a40c3faf81d4f4994c5e09f8dca5bd12fd853837f64b17	(1991,1359)-(2060,1428)/139/touch=0/min=1/selected=0;(2028,1397)-(2050,1418)/275/touch=0/min=1/selected=1	(2028,1397)-(2050,1418)	20,20
8.93	6.98	8.92188px	8.92188px	6.98px	6.98px	[604.2838745117188,166.71148681640625,1034.9881591796875,719.7614135742188]	[1019.0862791796875,703.8595335742187,1028.0081591796875,712.7814135742187]	/tmp/webui-craft-round4-s8.93-i6.98.png	5d0699925acc4e2f7b9281001d52562ef40be31f4e4791f43c7ba8ec77a2071f	(1991,1359)-(2060,1428)/139/touch=0/min=1/selected=0;(2028,1397)-(2050,1418)/275/touch=0/min=1/selected=1	(2028,1397)-(2050,1418)	20,20
8.93	6.97	8.92188px	8.92188px	6.97px	6.97px	[604.2838745117188,166.71148681640625,1034.9881591796875,719.7614135742188]	[1019.0962791796875,703.8695335742187,1028.0181591796875,712.7914135742187]	/tmp/webui-craft-round4-s8.93-i6.97.png	5d0699925acc4e2f7b9281001d52562ef40be31f4e4791f43c7ba8ec77a2071f	(1991,1359)-(2060,1428)/139/touch=0/min=1/selected=0;(2028,1397)-(2050,1418)/275/touch=0/min=1/selected=1	(2028,1397)-(2050,1418)	20,20
8.93	6.96	8.92188px	8.92188px	6.96px	6.96px	[604.2838745117188,166.71148681640625,1034.9881591796875,719.7614135742188]	[1019.1062791796875,703.8795335742187,1028.0281591796875,712.8014135742187]	/tmp/webui-craft-round4-s8.93-i6.96.png	4fc3ecd72d4b100b10ab55d3968cafe1619b439fd78f6b231ec8aa19d156be90	(1991,1359)-(2060,1428)/139/touch=0/min=1/selected=0;(2029,1397)-(2050,1418)/268/touch=0/min=1/selected=1	(2029,1397)-(2050,1418)	20,20
8.93	6.94	8.92188px	8.92188px	6.94px	6.94px	[604.2838745117188,166.71148681640625,1034.9881591796875,719.7614135742188]	[1019.1262791796875,703.8995335742187,1028.0481591796874,712.8214135742187]	/tmp/webui-craft-round4-s8.93-i6.94.png	342c4ec6ddc61b96d5416fc5ddc9ac2e13da84d59f79fd9d7426e94c6a332331	(1991,1359)-(2060,1428)/139/touch=0/min=1/selected=0;(2029,1397)-(2050,1418)/253/touch=0/min=1/selected=1	(2029,1397)-(2050,1418)	20,20
8.93	6.93	8.92188px	8.92188px	6.93px	6.93px	[604.2838745117188,166.71148681640625,1034.9881591796875,719.7614135742188]	[1019.1362791796874,703.9095335742188,1028.0581591796874,712.8314135742188]	/tmp/webui-craft-round4-s8.93-i6.93.png	f43ba53d36a45ac53a5bc36da8e5b8c225980bac974de05c6ad69ea042cefbcf	(1991,1359)-(2060,1428)/139/touch=0/min=1/selected=0;(2029,1397)-(2050,1418)/253/touch=0/min=1/selected=1	(2029,1397)-(2050,1418)	20,20
8.93	6.91	8.92188px	8.92188px	6.91px	6.91px	[604.2838745117188,166.71148681640625,1034.9881591796875,719.7614135742188]	[1019.1562791796874,703.9295335742188,1028.0781591796874,712.8514135742188]	/tmp/webui-craft-round4-s8.93-i6.91.png	da12dd7fb364a919d5aca2e4e82ef0a13dad16d52df93a938f62ed3a39b0484e	(1991,1359)-(2060,1428)/139/touch=0/min=1/selected=0;(2029,1397)-(2050,1418)/253/touch=0/min=1/selected=1	(2029,1397)-(2050,1418)	20,20
8.93	6.87	8.92188px	8.92188px	6.87px	6.87px	[604.2838745117188,166.71148681640625,1034.9881591796875,719.7614135742188]	[1019.1962791796876,703.9695335742188,1028.1181591796876,712.8914135742187]	/tmp/webui-craft-round4-s8.93-i6.87.png	14b4437b5f25fc01fd64b006de2e4036c59e6194d51315e4a3037550306e921a	(1991,1359)-(2060,1428)/139/touch=0/min=1/selected=0;(2029,1397)-(2050,1418)/253/touch=0/min=1/selected=1	(2029,1397)-(2050,1418)	20,20
8.93	6.86	8.92188px	8.92188px	6.86px	6.86px	[604.2838745117188,166.71148681640625,1034.9881591796875,719.7614135742188]	[1019.2062791796876,703.9795335742187,1028.1281591796876,712.9014135742187]	/tmp/webui-craft-round4-s8.93-i6.86.png	14b4437b5f25fc01fd64b006de2e4036c59e6194d51315e4a3037550306e921a	(1991,1359)-(2060,1428)/139/touch=0/min=1/selected=0;(2029,1397)-(2050,1418)/253/touch=0/min=1/selected=1	(2029,1397)-(2050,1418)	20,20
8.93	6.85	8.92188px	8.92188px	6.85px	6.85px	[604.2838745117188,166.71148681640625,1034.9881591796875,719.7614135742188]	[1019.2162791796876,703.9895335742187,1028.1381591796876,712.9114135742187]	/tmp/webui-craft-round4-s8.93-i6.85.png	9e12907bde93cc3bb45952425e6b1c91a28e7fb7041d8d73313e60f6d7a8aa23	(1991,1359)-(2060,1428)/139/touch=0/min=1/selected=0;(2029,1397)-(2050,1418)/253/touch=0/min=1/selected=1	(2029,1397)-(2050,1418)	20,20
8.93	6.83	8.92188px	8.92188px	6.83px	6.83px	[604.2838745117188,166.71148681640625,1034.9881591796875,719.7614135742188]	[1019.2362791796876,704.0095335742187,1028.1581591796876,712.9314135742187]	/tmp/webui-craft-round4-s8.93-i6.83.png	94a8642c233437306fcdea079953c9b3ae345eb5ddc7e5ea9c7affd30b011e12	(1991,1359)-(2060,1428)/139/touch=0/min=1/selected=0;(2029,1397)-(2050,1418)/253/touch=0/min=1/selected=1	(2029,1397)-(2050,1418)	20,20
8.93	6.82	8.92188px	8.92188px	6.82px	6.82px	[604.2838745117188,166.71148681640625,1034.9881591796875,719.7614135742188]	[1019.2462791796876,704.0195335742187,1028.1681591796876,712.9414135742187]	/tmp/webui-craft-round4-s8.93-i6.82.png	97efc620185c3937582d4fafa78c1da9e5fd7bab4210d8679e61dae6b0e838de	(1991,1359)-(2060,1428)/139/touch=0/min=1/selected=0;(2029,1397)-(2050,1418)/253/touch=0/min=1/selected=1	(2029,1397)-(2050,1418)	20,20
8.93	6.81	8.92188px	8.92188px	6.81px	6.81px	[604.2838745117188,166.71148681640625,1034.9881591796875,719.7614135742188]	[1019.2562791796876,704.0295335742188,1028.1781591796876,712.9514135742188]	/tmp/webui-craft-round4-s8.93-i6.81.png	2c25f79d74661f1148b121c59ea1a701e08306f978f98ef1761ac59aa7a83eac	(1991,1359)-(2060,1428)/139/touch=0/min=1/selected=0;(2029,1397)-(2050,1418)/253/touch=0/min=1/selected=1	(2029,1397)-(2050,1418)	20,20
8.93	6.69	8.92188px	8.92188px	6.69px	6.69px	[604.2838745117188,166.71148681640625,1034.9881591796875,719.7614135742188]	[1019.3762791796875,704.1495335742187,1028.2981591796874,713.0714135742187]	/tmp/webui-craft-round4-s8.93-i6.69.png	0b409f7a367bd0261da3a6cf8f0efa927816129c475feff6ea1d057e6129dc5d	(1991,1359)-(2060,1428)/139/touch=0/min=1/selected=0;(2030,1398)-(2050,1418)/231/touch=0/min=1/selected=1	(2030,1398)-(2050,1418)	20,20
8.93	6.68	8.92188px	8.92188px	6.68px	6.68px	[604.2838745117188,166.71148681640625,1034.9881591796875,719.7614135742188]	[1019.3862791796874,704.1595335742188,1028.3081591796874,713.0814135742188]	/tmp/webui-craft-round4-s8.93-i6.68.png	33cad50d035eb922f8fde9c0c129b489e49074f8e8196bdd2a60b27d5b03f4bb	(1991,1359)-(2060,1428)/139/touch=0/min=1/selected=0;(2030,1398)-(2050,1418)/231/touch=0/min=1/selected=1	(2030,1398)-(2050,1418)	20,20
8.93	6.62	8.92188px	8.92188px	6.62px	6.62px	[604.2838745117188,166.71148681640625,1034.9881591796875,719.7614135742188]	[1019.4462791796876,704.2195335742188,1028.3681591796876,713.1414135742187]	/tmp/webui-craft-round4-s8.93-i6.62.png	e9b08547982b4b9a9b0d34052485bbea496a0425e7e67830326b1aed0de1a24e	(1991,1359)-(2060,1428)/139/touch=0/min=1/selected=0;(2030,1398)-(2050,1418)/231/touch=0/min=1/selected=1	(2030,1398)-(2050,1418)	20,20
8.93	6.50	8.92188px	8.92188px	6.5px	6.5px	[604.2838745117188,166.71148681640625,1034.9881591796875,719.7614135742188]	[1019.5662791796875,704.3395335742188,1028.4881591796875,713.2614135742188]	/tmp/webui-craft-round4-s8.93-i6.50.png	6db709eff5d0c7c192f471a72ee55ce51dac95c5838d38dffec29e7b4f983598	(1991,1359)-(2060,1428)/139/touch=0/min=1/selected=0;(2031,1399)-(2050,1418)/210/touch=0/min=1/selected=1	(2031,1399)-(2050,1418)	20,20
8.94	7.00	8.9375px	8.9375px	7px	7px	[604.2838745117188,166.71148681640625,1034.9881591796875,719.7614135742188]	[1019.0506591796875,703.8239135742188,1027.9881591796875,712.7614135742188]	/tmp/webui-craft-round4-s8.94-i7.00.png	0ddd2a7636ee9a01ede837503774fb253c25d8fc3ec3c5ff252999ed7c31d203	(1991,1359)-(2060,1428)/139/touch=0/min=1/selected=0;(2028,1397)-(2050,1418)/270/touch=0/min=1/selected=1	(2028,1397)-(2050,1418)	20,20
8.94	6.99	8.9375px	8.9375px	6.99px	6.99px	[604.2838745117188,166.71148681640625,1034.9881591796875,719.7614135742188]	[1019.0606591796875,703.8339135742187,1027.9981591796875,712.7714135742187]	/tmp/webui-craft-round4-s8.94-i6.99.png	55abd9c5768edbd8622cac9ddc75eab9dbd9d346e9a55be8df7f61dd43e9f128	(1991,1359)-(2060,1428)/139/touch=0/min=1/selected=0;(2028,1397)-(2050,1418)/275/touch=0/min=1/selected=1	(2028,1397)-(2050,1418)	20,20
8.94	6.98	8.9375px	8.9375px	6.98px	6.98px	[604.2838745117188,166.71148681640625,1034.9881591796875,719.7614135742188]	[1019.0706591796875,703.8439135742187,1028.0081591796875,712.7814135742187]	/tmp/webui-craft-round4-s8.94-i6.98.png	633776a5eeaac5c8a35def2429d564b8c776c3c8dc794aa16f0e3d8e7c1e057d	(1991,1359)-(2060,1428)/139/touch=0/min=1/selected=0;(2028,1397)-(2050,1418)/275/touch=0/min=1/selected=1	(2028,1397)-(2050,1418)	20,20
8.94	6.97	8.9375px	8.9375px	6.97px	6.97px	[604.2838745117188,166.71148681640625,1034.9881591796875,719.7614135742188]	[1019.0806591796875,703.8539135742187,1028.0181591796875,712.7914135742187]	/tmp/webui-craft-round4-s8.94-i6.97.png	633776a5eeaac5c8a35def2429d564b8c776c3c8dc794aa16f0e3d8e7c1e057d	(1991,1359)-(2060,1428)/139/touch=0/min=1/selected=0;(2028,1397)-(2050,1418)/275/touch=0/min=1/selected=1	(2028,1397)-(2050,1418)	20,20
8.94	6.96	8.9375px	8.9375px	6.96px	6.96px	[604.2838745117188,166.71148681640625,1034.9881591796875,719.7614135742188]	[1019.0906591796875,703.8639135742187,1028.0281591796875,712.8014135742187]	/tmp/webui-craft-round4-s8.94-i6.96.png	f060d3e1f61869ad3a0475d0a2b4c9fe724642326007906dbfbc5f2afc968f7d	(1991,1359)-(2060,1428)/139/touch=0/min=1/selected=0;(2028,1397)-(2050,1418)/275/touch=0/min=1/selected=1	(2028,1397)-(2050,1418)	20,20
8.94	6.94	8.9375px	8.9375px	6.94px	6.94px	[604.2838745117188,166.71148681640625,1034.9881591796875,719.7614135742188]	[1019.1106591796874,703.8839135742187,1028.0481591796874,712.8214135742187]	/tmp/webui-craft-round4-s8.94-i6.94.png	2293edd1de69aad2924b730cd80a720c8b78f5fb0b0825805861c29c82fe1546	(1991,1359)-(2060,1428)/139/touch=0/min=1/selected=0;(2029,1397)-(2050,1418)/266/touch=0/min=1/selected=1	(2029,1397)-(2050,1418)	20,20
8.94	6.93	8.9375px	8.9375px	6.93px	6.93px	[604.2838745117188,166.71148681640625,1034.9881591796875,719.7614135742188]	[1019.1206591796874,703.8939135742188,1028.0581591796874,712.8314135742188]	/tmp/webui-craft-round4-s8.94-i6.93.png	4886aea2a4a66c9c297ef3c2abd4f317605042bbaddd6f1a0184a7d44bd322db	(1991,1359)-(2060,1428)/139/touch=0/min=1/selected=0;(2029,1397)-(2050,1418)/253/touch=0/min=1/selected=1	(2029,1397)-(2050,1418)	20,20
8.94	6.91	8.9375px	8.9375px	6.91px	6.91px	[604.2838745117188,166.71148681640625,1034.9881591796875,719.7614135742188]	[1019.1406591796874,703.9139135742188,1028.0781591796874,712.8514135742188]	/tmp/webui-craft-round4-s8.94-i6.91.png	215dd4bc3722c4c50c1684b843e05b529e61af48f239a9e60e9624076e220999	(1991,1359)-(2060,1428)/139/touch=0/min=1/selected=0;(2029,1397)-(2050,1418)/253/touch=0/min=1/selected=1	(2029,1397)-(2050,1418)	20,20
8.94	6.87	8.9375px	8.9375px	6.87px	6.87px	[604.2838745117188,166.71148681640625,1034.9881591796875,719.7614135742188]	[1019.1806591796876,703.9539135742187,1028.1181591796876,712.8914135742187]	/tmp/webui-craft-round4-s8.94-i6.87.png	b72594277fbbd2d15c87779d5c07067559e6726a59ccdf6485d6d80d8a085912	(1991,1359)-(2060,1428)/139/touch=0/min=1/selected=0;(2029,1397)-(2050,1418)/253/touch=0/min=1/selected=1	(2029,1397)-(2050,1418)	20,20
8.94	6.86	8.9375px	8.9375px	6.86px	6.86px	[604.2838745117188,166.71148681640625,1034.9881591796875,719.7614135742188]	[1019.1906591796876,703.9639135742187,1028.1281591796876,712.9014135742187]	/tmp/webui-craft-round4-s8.94-i6.86.png	b72594277fbbd2d15c87779d5c07067559e6726a59ccdf6485d6d80d8a085912	(1991,1359)-(2060,1428)/139/touch=0/min=1/selected=0;(2029,1397)-(2050,1418)/253/touch=0/min=1/selected=1	(2029,1397)-(2050,1418)	20,20
8.94	6.85	8.9375px	8.9375px	6.85px	6.85px	[604.2838745117188,166.71148681640625,1034.9881591796875,719.7614135742188]	[1019.2006591796876,703.9739135742187,1028.1381591796876,712.9114135742187]	/tmp/webui-craft-round4-s8.94-i6.85.png	359b7ab01ee088a64d455025f9d7597b8b3a42ac67912fe25423b0a077ac8132	(1991,1359)-(2060,1428)/139/touch=0/min=1/selected=0;(2029,1397)-(2050,1418)/253/touch=0/min=1/selected=1	(2029,1397)-(2050,1418)	20,20
8.94	6.83	8.9375px	8.9375px	6.83px	6.83px	[604.2838745117188,166.71148681640625,1034.9881591796875,719.7614135742188]	[1019.2206591796876,703.9939135742187,1028.1581591796876,712.9314135742187]	/tmp/webui-craft-round4-s8.94-i6.83.png	177adf8fd984ddd3d706238f8263f55ce30905e10de1e9ba1525da11f21e1013	(1991,1359)-(2060,1428)/139/touch=0/min=1/selected=0;(2029,1397)-(2050,1418)/253/touch=0/min=1/selected=1	(2029,1397)-(2050,1418)	20,20
8.94	6.82	8.9375px	8.9375px	6.82px	6.82px	[604.2838745117188,166.71148681640625,1034.9881591796875,719.7614135742188]	[1019.2306591796876,704.0039135742187,1028.1681591796876,712.9414135742187]	/tmp/webui-craft-round4-s8.94-i6.82.png	505c0c8f10f397706fd22b976b8c577adcb9c5d528cc33ac9e5b19b9fd65f1c3	(1991,1359)-(2060,1428)/139/touch=0/min=1/selected=0;(2029,1397)-(2050,1418)/253/touch=0/min=1/selected=1	(2029,1397)-(2050,1418)	20,20
8.94	6.81	8.9375px	8.9375px	6.81px	6.81px	[604.2838745117188,166.71148681640625,1034.9881591796875,719.7614135742188]	[1019.2406591796876,704.0139135742188,1028.1781591796876,712.9514135742188]	/tmp/webui-craft-round4-s8.94-i6.81.png	357e910ef3ea46dd2a622440c2f125b0ba95a237c79d9b46dba2fea37fa73bcd	(1991,1359)-(2060,1428)/139/touch=0/min=1/selected=0;(2029,1397)-(2050,1418)/253/touch=0/min=1/selected=1	(2029,1397)-(2050,1418)	20,20
8.94	6.69	8.9375px	8.9375px	6.69px	6.69px	[604.2838745117188,166.71148681640625,1034.9881591796875,719.7614135742188]	[1019.3606591796874,704.1339135742187,1028.2981591796874,713.0714135742187]	/tmp/webui-craft-round4-s8.94-i6.69.png	c718513f7d4b1445c5a914af69288bec750ed0ecd57ea1130afbba8cbd88d489	(1991,1359)-(2060,1428)/139/touch=0/min=1/selected=0;(2030,1398)-(2050,1418)/231/touch=0/min=1/selected=1	(2030,1398)-(2050,1418)	20,20
8.94	6.68	8.9375px	8.9375px	6.68px	6.68px	[604.2838745117188,166.71148681640625,1034.9881591796875,719.7614135742188]	[1019.3706591796874,704.1439135742188,1028.3081591796874,713.0814135742188]	/tmp/webui-craft-round4-s8.94-i6.68.png	d271c94fc67551e6b50812b7fbc28185012530872eb0b8e9266613606dd5d49e	(1991,1359)-(2060,1428)/139/touch=0/min=1/selected=0;(2030,1398)-(2050,1418)/231/touch=0/min=1/selected=1	(2030,1398)-(2050,1418)	20,20
8.94	6.62	8.9375px	8.9375px	6.62px	6.62px	[604.2838745117188,166.71148681640625,1034.9881591796875,719.7614135742188]	[1019.4306591796876,704.2039135742187,1028.3681591796876,713.1414135742187]	/tmp/webui-craft-round4-s8.94-i6.62.png	91732ec34428806b70a50a94632db7d24332f9dfabf1fddad069954f7d076aa5	(1991,1359)-(2060,1428)/139/touch=0/min=1/selected=0;(2030,1398)-(2050,1418)/231/touch=0/min=1/selected=1	(2030,1398)-(2050,1418)	20,20
8.94	6.50	8.9375px	8.9375px	6.5px	6.5px	[604.2838745117188,166.71148681640625,1034.9881591796875,719.7614135742188]	[1019.5506591796875,704.3239135742188,1028.4881591796875,713.2614135742188]	/tmp/webui-craft-round4-s8.94-i6.50.png	921bd09fa272422ce8b0a30b120aa787afea1d5ed0a28a72b567786673a6efe7	(1991,1359)-(2060,1428)/139/touch=0/min=1/selected=0;(2031,1399)-(2050,1418)/210/touch=0/min=1/selected=1	(2031,1399)-(2050,1418)	20,20
8.96	7.00	8.95312px	8.95312px	7px	7px	[604.2838745117188,166.71148681640625,1034.9881591796875,719.7614135742188]	[1019.0350391796875,703.8082935742187,1027.9881591796875,712.7614135742188]	/tmp/webui-craft-round4-s8.96-i7.00.png	a4ac374386e7ecca685bec19b486d166368d6aae7cd9823328f0e1f3feef90cf	(1991,1359)-(2060,1428)/139/touch=0/min=1/selected=0;(2028,1397)-(2050,1418)/270/touch=0/min=1/selected=1	(2028,1397)-(2050,1418)	20,20
8.96	6.99	8.95312px	8.95312px	6.99px	6.99px	[604.2838745117188,166.71148681640625,1034.9881591796875,719.7614135742188]	[1019.0450391796875,703.8182935742187,1027.9981591796875,712.7714135742187]	/tmp/webui-craft-round4-s8.96-i6.99.png	7eab67e98c0d513a238c3a596aac9bf4933cff6eed5c76cd5c64bb4e297f5179	(1991,1359)-(2060,1428)/139/touch=0/min=1/selected=0;(2028,1397)-(2050,1418)/275/touch=0/min=1/selected=1	(2028,1397)-(2050,1418)	20,20
8.96	6.98	8.95312px	8.95312px	6.98px	6.98px	[604.2838745117188,166.71148681640625,1034.9881591796875,719.7614135742188]	[1019.0550391796875,703.8282935742187,1028.0081591796875,712.7814135742187]	/tmp/webui-craft-round4-s8.96-i6.98.png	633776a5eeaac5c8a35def2429d564b8c776c3c8dc794aa16f0e3d8e7c1e057d	(1991,1359)-(2060,1428)/139/touch=0/min=1/selected=0;(2028,1397)-(2050,1418)/275/touch=0/min=1/selected=1	(2028,1397)-(2050,1418)	20,20
8.96	6.97	8.95312px	8.95312px	6.97px	6.97px	[604.2838745117188,166.71148681640625,1034.9881591796875,719.7614135742188]	[1019.0650391796875,703.8382935742187,1028.0181591796875,712.7914135742187]	/tmp/webui-craft-round4-s8.96-i6.97.png	633776a5eeaac5c8a35def2429d564b8c776c3c8dc794aa16f0e3d8e7c1e057d	(1991,1359)-(2060,1428)/139/touch=0/min=1/selected=0;(2028,1397)-(2050,1418)/275/touch=0/min=1/selected=1	(2028,1397)-(2050,1418)	20,20
8.96	6.96	8.95312px	8.95312px	6.96px	6.96px	[604.2838745117188,166.71148681640625,1034.9881591796875,719.7614135742188]	[1019.0750391796875,703.8482935742187,1028.0281591796875,712.8014135742187]	/tmp/webui-craft-round4-s8.96-i6.96.png	1a14322fbe72d5fc2c9a41bb5e82cfdc0b85d432ef9adf3656df7b21e10845cf	(1991,1359)-(2060,1428)/139/touch=0/min=1/selected=0;(2028,1397)-(2050,1418)/275/touch=0/min=1/selected=1	(2028,1397)-(2050,1418)	20,20
8.96	6.94	8.95312px	8.95312px	6.94px	6.94px	[604.2838745117188,166.71148681640625,1034.9881591796875,719.7614135742188]	[1019.0950391796874,703.8682935742187,1028.0481591796874,712.8214135742187]	/tmp/webui-craft-round4-s8.96-i6.94.png	523b215343b867a59fa5cd4a2e39155ceccef2d417206eb428ec742d3d410990	(1991,1359)-(2060,1428)/139/touch=0/min=1/selected=0;(2028,1397)-(2050,1418)/275/touch=0/min=1/selected=1	(2028,1397)-(2050,1418)	20,20
8.96	6.93	8.95312px	8.95312px	6.93px	6.93px	[604.2838745117188,166.71148681640625,1034.9881591796875,719.7614135742188]	[1019.1050391796874,703.8782935742188,1028.0581591796874,712.8314135742188]	/tmp/webui-craft-round4-s8.96-i6.93.png	30e3b0560ec740437f907a5d7089e2656e3c89599eeb9492fe03020cdc554741	(1991,1359)-(2060,1428)/139/touch=0/min=1/selected=0;(2029,1397)-(2050,1418)/253/touch=0/min=1/selected=1	(2029,1397)-(2050,1418)	20,20
8.96	6.91	8.95312px	8.95312px	6.91px	6.91px	[604.2838745117188,166.71148681640625,1034.9881591796875,719.7614135742188]	[1019.1250391796874,703.8982935742188,1028.0781591796874,712.8514135742188]	/tmp/webui-craft-round4-s8.96-i6.91.png	acdc0b9428e049256ec1f5e4cd6eb2809f84a611a7aa83870863241d8f5d3482	(1991,1359)-(2060,1428)/139/touch=0/min=1/selected=0;(2029,1397)-(2050,1418)/253/touch=0/min=1/selected=1	(2029,1397)-(2050,1418)	20,20
8.96	6.87	8.95312px	8.95312px	6.87px	6.87px	[604.2838745117188,166.71148681640625,1034.9881591796875,719.7614135742188]	[1019.1650391796876,703.9382935742187,1028.1181591796876,712.8914135742187]	/tmp/webui-craft-round4-s8.96-i6.87.png	b8cae6c11d0c29b108a47d57d4002cb5556597519fb3eb5a790450fc41ed2d7d	(1991,1359)-(2060,1428)/139/touch=0/min=1/selected=0;(2029,1397)-(2050,1418)/253/touch=0/min=1/selected=1	(2029,1397)-(2050,1418)	20,20
8.96	6.86	8.95312px	8.95312px	6.86px	6.86px	[604.2838745117188,166.71148681640625,1034.9881591796875,719.7614135742188]	[1019.1750391796876,703.9482935742187,1028.1281591796876,712.9014135742187]	/tmp/webui-craft-round4-s8.96-i6.86.png	b8cae6c11d0c29b108a47d57d4002cb5556597519fb3eb5a790450fc41ed2d7d	(1991,1359)-(2060,1428)/139/touch=0/min=1/selected=0;(2029,1397)-(2050,1418)/253/touch=0/min=1/selected=1	(2029,1397)-(2050,1418)	20,20
8.96	6.85	8.95312px	8.95312px	6.85px	6.85px	[604.2838745117188,166.71148681640625,1034.9881591796875,719.7614135742188]	[1019.1850391796876,703.9582935742187,1028.1381591796876,712.9114135742187]	/tmp/webui-craft-round4-s8.96-i6.85.png	c3485285f76dbfeba85a8f2c9da177e21850b1359514d41fcdf5c7f1ca410b48	(1991,1359)-(2060,1428)/139/touch=0/min=1/selected=0;(2029,1397)-(2050,1418)/253/touch=0/min=1/selected=1	(2029,1397)-(2050,1418)	20,20
8.96	6.83	8.95312px	8.95312px	6.83px	6.83px	[604.2838745117188,166.71148681640625,1034.9881591796875,719.7614135742188]	[1019.2050391796876,703.9782935742187,1028.1581591796876,712.9314135742187]	/tmp/webui-craft-round4-s8.96-i6.83.png	8988fe1619e7a3715932bb58ba3774d124c9854579ef2124be687c0de69a1632	(1991,1359)-(2060,1428)/139/touch=0/min=1/selected=0;(2029,1397)-(2050,1418)/253/touch=0/min=1/selected=1	(2029,1397)-(2050,1418)	20,20
8.96	6.82	8.95312px	8.95312px	6.82px	6.82px	[604.2838745117188,166.71148681640625,1034.9881591796875,719.7614135742188]	[1019.2150391796876,703.9882935742187,1028.1681591796876,712.9414135742187]	/tmp/webui-craft-round4-s8.96-i6.82.png	77e2fe426b22499c78184dc7ec761ebf576c8766ddbab5a5397c4e00d13686d2	(1991,1359)-(2060,1428)/139/touch=0/min=1/selected=0;(2029,1397)-(2050,1418)/253/touch=0/min=1/selected=1	(2029,1397)-(2050,1418)	20,20
8.96	6.81	8.95312px	8.95312px	6.81px	6.81px	[604.2838745117188,166.71148681640625,1034.9881591796875,719.7614135742188]	[1019.2250391796875,703.9982935742188,1028.1781591796876,712.9514135742188]	/tmp/webui-craft-round4-s8.96-i6.81.png	362f4dd90d9de9cfd098b32feb9e1e4b090ec57652278094391737e9785cb509	(1991,1359)-(2060,1428)/139/touch=0/min=1/selected=0;(2029,1397)-(2050,1418)/253/touch=0/min=1/selected=1	(2029,1397)-(2050,1418)	20,20
8.96	6.69	8.95312px	8.95312px	6.69px	6.69px	[604.2838745117188,166.71148681640625,1034.9881591796875,719.7614135742188]	[1019.3450391796874,704.1182935742187,1028.2981591796874,713.0714135742187]	/tmp/webui-craft-round4-s8.96-i6.69.png	fe683985c1eae0902c0d938227c79a1d9ab7c2e31a5d5395e528819e2fd898d6	(1991,1359)-(2060,1428)/139/touch=0/min=1/selected=0;(2030,1398)-(2050,1418)/231/touch=0/min=1/selected=1	(2030,1398)-(2050,1418)	20,20
8.96	6.68	8.95312px	8.95312px	6.68px	6.68px	[604.2838745117188,166.71148681640625,1034.9881591796875,719.7614135742188]	[1019.3550391796874,704.1282935742188,1028.3081591796874,713.0814135742188]	/tmp/webui-craft-round4-s8.96-i6.68.png	df213f047f2718cb34eaf0f3c6cbae67bdcd82c2fc3462863e1fdabd8f642463	(1991,1359)-(2060,1428)/139/touch=0/min=1/selected=0;(2030,1398)-(2050,1418)/231/touch=0/min=1/selected=1	(2030,1398)-(2050,1418)	20,20
8.96	6.62	8.95312px	8.95312px	6.62px	6.62px	[604.2838745117188,166.71148681640625,1034.9881591796875,719.7614135742188]	[1019.4150391796876,704.1882935742187,1028.3681591796876,713.1414135742187]	/tmp/webui-craft-round4-s8.96-i6.62.png	55b4bbeeeea00b35deb66998b48131baa7fc0ed09a097a01e138967a1df95292	(1991,1359)-(2060,1428)/139/touch=0/min=1/selected=0;(2030,1398)-(2050,1418)/231/touch=0/min=1/selected=1	(2030,1398)-(2050,1418)	20,20
8.96	6.50	8.95312px	8.95312px	6.5px	6.5px	[604.2838745117188,166.71148681640625,1034.9881591796875,719.7614135742188]	[1019.5350391796875,704.3082935742187,1028.4881591796875,713.2614135742188]	/tmp/webui-craft-round4-s8.96-i6.50.png	f7c73c190c7d1258a26e7bb5e8bf65b7e663b6c3d44f2c00cd0185943c926d6b	(1991,1359)-(2060,1428)/139/touch=0/min=1/selected=0;(2031,1399)-(2050,1418)/210/touch=0/min=1/selected=1	(2031,1399)-(2050,1418)	20,20
8.97	7.00	8.96875px	8.96875px	7px	7px	[604.2838745117188,166.71148681640625,1034.9881591796875,719.7614135742188]	[1019.0194091796875,703.7926635742188,1027.9881591796875,712.7614135742188]	/tmp/webui-craft-round4-s8.97-i7.00.png	ad5828a3a86864e82bd34924751974206a056d710abd67c64a53edfb07a0250c	(1991,1359)-(2060,1428)/139/touch=0/min=1/selected=0;(2028,1397)-(2050,1418)/270/touch=0/min=1/selected=1	(2028,1397)-(2050,1418)	20,20
8.97	6.99	8.96875px	8.96875px	6.99px	6.99px	[604.2838745117188,166.71148681640625,1034.9881591796875,719.7614135742188]	[1019.0294091796875,703.8026635742187,1027.9981591796875,712.7714135742187]	/tmp/webui-craft-round4-s8.97-i6.99.png	73d3fa8de384c11b0bf8220adb19a4c9ee56f1ed0205c95a38027c9d74a842e6	(1991,1359)-(2060,1428)/139/touch=0/min=1/selected=0;(2028,1397)-(2050,1418)/275/touch=0/min=1/selected=1	(2028,1397)-(2050,1418)	20,20
8.97	6.98	8.96875px	8.96875px	6.98px	6.98px	[604.2838745117188,166.71148681640625,1034.9881591796875,719.7614135742188]	[1019.0394091796875,703.8126635742187,1028.0081591796875,712.7814135742187]	/tmp/webui-craft-round4-s8.97-i6.98.png	80d3b61d043360723d509bdf71ab9a5d5f1d9b25c2fc47ce0c6f35801b2387b6	(1991,1359)-(2060,1428)/139/touch=0/min=1/selected=0;(2028,1397)-(2050,1418)/275/touch=0/min=1/selected=1	(2028,1397)-(2050,1418)	20,20
8.97	6.97	8.96875px	8.96875px	6.97px	6.97px	[604.2838745117188,166.71148681640625,1034.9881591796875,719.7614135742188]	[1019.0494091796875,703.8226635742187,1028.0181591796875,712.7914135742187]	/tmp/webui-craft-round4-s8.97-i6.97.png	80d3b61d043360723d509bdf71ab9a5d5f1d9b25c2fc47ce0c6f35801b2387b6	(1991,1359)-(2060,1428)/139/touch=0/min=1/selected=0;(2028,1397)-(2050,1418)/275/touch=0/min=1/selected=1	(2028,1397)-(2050,1418)	20,20
8.97	6.96	8.96875px	8.96875px	6.96px	6.96px	[604.2838745117188,166.71148681640625,1034.9881591796875,719.7614135742188]	[1019.0594091796875,703.8326635742187,1028.0281591796875,712.8014135742187]	/tmp/webui-craft-round4-s8.97-i6.96.png	1a14322fbe72d5fc2c9a41bb5e82cfdc0b85d432ef9adf3656df7b21e10845cf	(1991,1359)-(2060,1428)/139/touch=0/min=1/selected=0;(2028,1397)-(2050,1418)/275/touch=0/min=1/selected=1	(2028,1397)-(2050,1418)	20,20
8.97	6.94	8.96875px	8.96875px	6.94px	6.94px	[604.2838745117188,166.71148681640625,1034.9881591796875,719.7614135742188]	[1019.0794091796874,703.8526635742187,1028.0481591796874,712.8214135742187]	/tmp/webui-craft-round4-s8.97-i6.94.png	21a8caf7f30686d09b4c3a48778d739ca337c2738d76fd9565fbbd161c242633	(1991,1359)-(2060,1428)/139/touch=0/min=1/selected=0;(2028,1397)-(2050,1418)/275/touch=0/min=1/selected=1	(2028,1397)-(2050,1418)	20,20
8.97	6.93	8.96875px	8.96875px	6.93px	6.93px	[604.2838745117188,166.71148681640625,1034.9881591796875,719.7614135742188]	[1019.0894091796874,703.8626635742188,1028.0581591796874,712.8314135742188]	/tmp/webui-craft-round4-s8.97-i6.93.png	0773a85f70479d49c45b79fa5460c819161d45cc1719510d6ab948eaa6b64f7d	(1991,1359)-(2060,1428)/139/touch=0/min=1/selected=0;(2028,1397)-(2050,1418)/275/touch=0/min=1/selected=1	(2028,1397)-(2050,1418)	20,20
8.97	6.91	8.96875px	8.96875px	6.91px	6.91px	[604.2838745117188,166.71148681640625,1034.9881591796875,719.7614135742188]	[1019.1094091796874,703.8826635742188,1028.0781591796874,712.8514135742188]	/tmp/webui-craft-round4-s8.97-i6.91.png	0298405883eaa065696603f19632e944bd7a7acd63b45f7b48146ae61f32d08c	(1991,1359)-(2060,1428)/139/touch=0/min=1/selected=0;(2029,1397)-(2050,1418)/253/touch=0/min=1/selected=1	(2029,1397)-(2050,1418)	20,20
8.97	6.87	8.96875px	8.96875px	6.87px	6.87px	[604.2838745117188,166.71148681640625,1034.9881591796875,719.7614135742188]	[1019.1494091796876,703.9226635742187,1028.1181591796876,712.8914135742187]	/tmp/webui-craft-round4-s8.97-i6.87.png	7b6232574842854364898057b97b30192211ea76a393e29fadae171846e649d5	(1991,1359)-(2060,1428)/139/touch=0/min=1/selected=0;(2029,1397)-(2050,1418)/253/touch=0/min=1/selected=1	(2029,1397)-(2050,1418)	20,20
8.97	6.86	8.96875px	8.96875px	6.86px	6.86px	[604.2838745117188,166.71148681640625,1034.9881591796875,719.7614135742188]	[1019.1594091796876,703.9326635742187,1028.1281591796876,712.9014135742187]	/tmp/webui-craft-round4-s8.97-i6.86.png	7b6232574842854364898057b97b30192211ea76a393e29fadae171846e649d5	(1991,1359)-(2060,1428)/139/touch=0/min=1/selected=0;(2029,1397)-(2050,1418)/253/touch=0/min=1/selected=1	(2029,1397)-(2050,1418)	20,20
8.97	6.85	8.96875px	8.96875px	6.85px	6.85px	[604.2838745117188,166.71148681640625,1034.9881591796875,719.7614135742188]	[1019.1694091796876,703.9426635742187,1028.1381591796876,712.9114135742187]	/tmp/webui-craft-round4-s8.97-i6.85.png	750fac33bed7f172e4ea4bbb40f164bcc0a3f4a01495472c038a1c0cd8554c95	(1991,1359)-(2060,1428)/139/touch=0/min=1/selected=0;(2029,1397)-(2050,1418)/253/touch=0/min=1/selected=1	(2029,1397)-(2050,1418)	20,20
8.97	6.83	8.96875px	8.96875px	6.83px	6.83px	[604.2838745117188,166.71148681640625,1034.9881591796875,719.7614135742188]	[1019.1894091796876,703.9626635742187,1028.1581591796876,712.9314135742187]	/tmp/webui-craft-round4-s8.97-i6.83.png	31b99a32c4431417cb9819add6f00fb69bc4ffc1bc27cd1db111a096cf09ca38	(1991,1359)-(2060,1428)/139/touch=0/min=1/selected=0;(2029,1397)-(2050,1418)/253/touch=0/min=1/selected=1	(2029,1397)-(2050,1418)	20,20
8.97	6.82	8.96875px	8.96875px	6.82px	6.82px	[604.2838745117188,166.71148681640625,1034.9881591796875,719.7614135742188]	[1019.1994091796876,703.9726635742187,1028.1681591796876,712.9414135742187]	/tmp/webui-craft-round4-s8.97-i6.82.png	b569b691db9404795f7f1b53ddf3cc987a37d7d2495bf63f14b636089731a420	(1991,1359)-(2060,1428)/139/touch=0/min=1/selected=0;(2029,1397)-(2050,1418)/253/touch=0/min=1/selected=1	(2029,1397)-(2050,1418)	20,20
8.97	6.81	8.96875px	8.96875px	6.81px	6.81px	[604.2838745117188,166.71148681640625,1034.9881591796875,719.7614135742188]	[1019.2094091796876,703.9826635742188,1028.1781591796876,712.9514135742188]	/tmp/webui-craft-round4-s8.97-i6.81.png	9e3c7eef113421c4d4d47908bcb6a51825b787d063aa7a1121bf31cf589a9658	(1991,1359)-(2060,1428)/139/touch=0/min=1/selected=0;(2029,1397)-(2050,1418)/253/touch=0/min=1/selected=1	(2029,1397)-(2050,1418)	20,20
8.97	6.69	8.96875px	8.96875px	6.69px	6.69px	[604.2838745117188,166.71148681640625,1034.9881591796875,719.7614135742188]	[1019.3294091796874,704.1026635742187,1028.2981591796874,713.0714135742187]	/tmp/webui-craft-round4-s8.97-i6.69.png	d1b360d83d593ed3fb9094b5ad1ad31defa3fecdfeec513a391a29f58826bf4a	(1991,1359)-(2060,1428)/139/touch=0/min=1/selected=0;(2030,1398)-(2050,1418)/231/touch=0/min=1/selected=1	(2030,1398)-(2050,1418)	20,20
8.97	6.68	8.96875px	8.96875px	6.68px	6.68px	[604.2838745117188,166.71148681640625,1034.9881591796875,719.7614135742188]	[1019.3394091796874,704.1126635742188,1028.3081591796874,713.0814135742188]	/tmp/webui-craft-round4-s8.97-i6.68.png	5bea2b10c279addfc887a7b5bab4f94fceacc88f070df205431151ecd8132f76	(1991,1359)-(2060,1428)/139/touch=0/min=1/selected=0;(2030,1398)-(2050,1418)/231/touch=0/min=1/selected=1	(2030,1398)-(2050,1418)	20,20
8.97	6.62	8.96875px	8.96875px	6.62px	6.62px	[604.2838745117188,166.71148681640625,1034.9881591796875,719.7614135742188]	[1019.3994091796876,704.1726635742187,1028.3681591796876,713.1414135742187]	/tmp/webui-craft-round4-s8.97-i6.62.png	adf7b0b633c3d4dd8df86ea76346d0364ed72a16fa38183aaeeeb977a71aa4e2	(1991,1359)-(2060,1428)/139/touch=0/min=1/selected=0;(2030,1398)-(2050,1418)/231/touch=0/min=1/selected=1	(2030,1398)-(2050,1418)	20,20
8.97	6.50	8.96875px	8.96875px	6.5px	6.5px	[604.2838745117188,166.71148681640625,1034.9881591796875,719.7614135742188]	[1019.5194091796875,704.2926635742188,1028.4881591796875,713.2614135742188]	/tmp/webui-craft-round4-s8.97-i6.50.png	4c8a462c011927d3b3c8f65077b5100cc3e4d0ca59f803220385cb6281d585aa	(1991,1359)-(2060,1428)/139/touch=0/min=1/selected=0;(2031,1399)-(2050,1418)/210/touch=0/min=1/selected=1	(2031,1399)-(2050,1418)	20,20
8.99	7.00	8.98438px	8.98438px	7px	7px	[604.2838745117188,166.71148681640625,1034.9881591796875,719.7614135742188]	[1019.0037791796875,703.7770335742188,1027.9881591796875,712.7614135742188]	/tmp/webui-craft-round4-s8.99-i7.00.png	fb6f3a906902f2514af3b5f8dd40e9ca5e11824184e172ecbb942487523eb530	(1991,1359)-(2060,1428)/139/touch=0/min=1/selected=0;(2028,1397)-(2050,1418)/270/touch=0/min=1/selected=1	(2028,1397)-(2050,1418)	20,20
8.99	6.99	8.98438px	8.98438px	6.99px	6.99px	[604.2838745117188,166.71148681640625,1034.9881591796875,719.7614135742188]	[1019.0137791796875,703.7870335742188,1027.9981591796875,712.7714135742187]	/tmp/webui-craft-round4-s8.99-i6.99.png	33d3a7c4c4834089e0e9617cf01c150cfcba4befd148ec71ceae29ec92330792	(1991,1359)-(2060,1428)/139/touch=0/min=1/selected=0;(2028,1397)-(2050,1418)/275/touch=0/min=1/selected=1	(2028,1397)-(2050,1418)	20,20
8.99	6.98	8.98438px	8.98438px	6.98px	6.98px	[604.2838745117188,166.71148681640625,1034.9881591796875,719.7614135742188]	[1019.0237791796875,703.7970335742187,1028.0081591796875,712.7814135742187]	/tmp/webui-craft-round4-s8.99-i6.98.png	a546953cef89527750d2f5067d7c0b384aabc4ad1123ac0029d834c42a0c3ccb	(1991,1359)-(2060,1428)/139/touch=0/min=1/selected=0;(2028,1397)-(2050,1418)/275/touch=0/min=1/selected=1	(2028,1397)-(2050,1418)	20,20
8.99	6.97	8.98438px	8.98438px	6.97px	6.97px	[604.2838745117188,166.71148681640625,1034.9881591796875,719.7614135742188]	[1019.0337791796875,703.8070335742187,1028.0181591796875,712.7914135742187]	/tmp/webui-craft-round4-s8.99-i6.97.png	a546953cef89527750d2f5067d7c0b384aabc4ad1123ac0029d834c42a0c3ccb	(1991,1359)-(2060,1428)/139/touch=0/min=1/selected=0;(2028,1397)-(2050,1418)/275/touch=0/min=1/selected=1	(2028,1397)-(2050,1418)	20,20
8.99	6.96	8.98438px	8.98438px	6.96px	6.96px	[604.2838745117188,166.71148681640625,1034.9881591796875,719.7614135742188]	[1019.0437791796875,703.8170335742187,1028.0281591796875,712.8014135742187]	/tmp/webui-craft-round4-s8.99-i6.96.png	a7a0c2fb49a1915a5e9145d3b7caafe020573b8a3a22a6133a6ad7255b0da4eb	(1991,1359)-(2060,1428)/139/touch=0/min=1/selected=0;(2028,1397)-(2050,1418)/275/touch=0/min=1/selected=1	(2028,1397)-(2050,1418)	20,20
8.99	6.94	8.98438px	8.98438px	6.94px	6.94px	[604.2838745117188,166.71148681640625,1034.9881591796875,719.7614135742188]	[1019.0637791796875,703.8370335742187,1028.0481591796874,712.8214135742187]	/tmp/webui-craft-round4-s8.99-i6.94.png	21a8caf7f30686d09b4c3a48778d739ca337c2738d76fd9565fbbd161c242633	(1991,1359)-(2060,1428)/139/touch=0/min=1/selected=0;(2028,1397)-(2050,1418)/275/touch=0/min=1/selected=1	(2028,1397)-(2050,1418)	20,20
8.99	6.93	8.98438px	8.98438px	6.93px	6.93px	[604.2838745117188,166.71148681640625,1034.9881591796875,719.7614135742188]	[1019.0737791796874,703.8470335742188,1028.0581591796874,712.8314135742188]	/tmp/webui-craft-round4-s8.99-i6.93.png	336b1f2a79d8f7b19572c823d37d92f3a8c17632031a794670fb4ff22ffda186	(1991,1359)-(2060,1428)/139/touch=0/min=1/selected=0;(2028,1397)-(2050,1418)/275/touch=0/min=1/selected=1	(2028,1397)-(2050,1418)	20,20
8.99	6.91	8.98438px	8.98438px	6.91px	6.91px	[604.2838745117188,166.71148681640625,1034.9881591796875,719.7614135742188]	[1019.0937791796874,703.8670335742188,1028.0781591796874,712.8514135742188]	/tmp/webui-craft-round4-s8.99-i6.91.png	13bc2d3234a72c40d9b6311c47a37a283ae6b89d79483375b6a6238ef43e7909	(1991,1359)-(2060,1428)/139/touch=0/min=1/selected=0;(2028,1397)-(2050,1418)/258/touch=0/min=1/selected=1	(2028,1397)-(2050,1418)	20,20
8.99	6.87	8.98438px	8.98438px	6.87px	6.87px	[604.2838745117188,166.71148681640625,1034.9881591796875,719.7614135742188]	[1019.1337791796876,703.9070335742188,1028.1181591796876,712.8914135742187]	/tmp/webui-craft-round4-s8.99-i6.87.png	850864a76913b2b4a61039d263549de22f8e26ba73a9ac74c90b2c677b3a714c	(1991,1359)-(2060,1428)/139/touch=0/min=1/selected=0;(2029,1397)-(2050,1418)/253/touch=0/min=1/selected=1	(2029,1397)-(2050,1418)	20,20
8.99	6.86	8.98438px	8.98438px	6.86px	6.86px	[604.2838745117188,166.71148681640625,1034.9881591796875,719.7614135742188]	[1019.1437791796876,703.9170335742187,1028.1281591796876,712.9014135742187]	/tmp/webui-craft-round4-s8.99-i6.86.png	850864a76913b2b4a61039d263549de22f8e26ba73a9ac74c90b2c677b3a714c	(1991,1359)-(2060,1428)/139/touch=0/min=1/selected=0;(2029,1397)-(2050,1418)/253/touch=0/min=1/selected=1	(2029,1397)-(2050,1418)	20,20
8.99	6.85	8.98438px	8.98438px	6.85px	6.85px	[604.2838745117188,166.71148681640625,1034.9881591796875,719.7614135742188]	[1019.1537791796876,703.9270335742187,1028.1381591796876,712.9114135742187]	/tmp/webui-craft-round4-s8.99-i6.85.png	5852f1faf9fb01cb248c89cdb3c8665db691f2fe12e409f7aab8288aa1ed2641	(1991,1359)-(2060,1428)/139/touch=0/min=1/selected=0;(2029,1397)-(2050,1418)/253/touch=0/min=1/selected=1	(2029,1397)-(2050,1418)	20,20
8.99	6.83	8.98438px	8.98438px	6.83px	6.83px	[604.2838745117188,166.71148681640625,1034.9881591796875,719.7614135742188]	[1019.1737791796876,703.9470335742187,1028.1581591796876,712.9314135742187]	/tmp/webui-craft-round4-s8.99-i6.83.png	dc05f8bf415684e4ad4f097f4786d704ff6dfea7a65e72f2fe65578e517d9e0b	(1991,1359)-(2060,1428)/139/touch=0/min=1/selected=0;(2029,1397)-(2050,1418)/253/touch=0/min=1/selected=1	(2029,1397)-(2050,1418)	20,20
8.99	6.82	8.98438px	8.98438px	6.82px	6.82px	[604.2838745117188,166.71148681640625,1034.9881591796875,719.7614135742188]	[1019.1837791796876,703.9570335742187,1028.1681591796876,712.9414135742187]	/tmp/webui-craft-round4-s8.99-i6.82.png	e022bd786907e2457b85475bc20d7fcbe5afa93f323b0517100068e4a96690c4	(1991,1359)-(2060,1428)/139/touch=0/min=1/selected=0;(2029,1397)-(2050,1418)/253/touch=0/min=1/selected=1	(2029,1397)-(2050,1418)	20,20
8.99	6.81	8.98438px	8.98438px	6.81px	6.81px	[604.2838745117188,166.71148681640625,1034.9881591796875,719.7614135742188]	[1019.1937791796876,703.9670335742188,1028.1781591796876,712.9514135742188]	/tmp/webui-craft-round4-s8.99-i6.81.png	4da96112035f600f0da9360bf2ff8d53b57eb07584f0c1b702aeb913b576a1f9	(1991,1359)-(2060,1428)/139/touch=0/min=1/selected=0;(2029,1397)-(2050,1418)/253/touch=0/min=1/selected=1	(2029,1397)-(2050,1418)	20,20
8.99	6.69	8.98438px	8.98438px	6.69px	6.69px	[604.2838745117188,166.71148681640625,1034.9881591796875,719.7614135742188]	[1019.3137791796875,704.0870335742187,1028.2981591796874,713.0714135742187]	/tmp/webui-craft-round4-s8.99-i6.69.png	e52f2d492b11a51e6d73b528ddb5debcdc7fe35003caefc34de034dbdba0a1e1	(1991,1359)-(2060,1428)/139/touch=0/min=1/selected=0;(2030,1398)-(2050,1418)/231/touch=0/min=1/selected=1	(2030,1398)-(2050,1418)	20,20
8.99	6.68	8.98438px	8.98438px	6.68px	6.68px	[604.2838745117188,166.71148681640625,1034.9881591796875,719.7614135742188]	[1019.3237791796874,704.0970335742188,1028.3081591796874,713.0814135742188]	/tmp/webui-craft-round4-s8.99-i6.68.png	d2e856536c5b221ef1d5a8abc5bc4e0265f22886cfeac108ee25f543bc41cced	(1991,1359)-(2060,1428)/139/touch=0/min=1/selected=0;(2030,1398)-(2050,1418)/231/touch=0/min=1/selected=1	(2030,1398)-(2050,1418)	20,20
8.99	6.62	8.98438px	8.98438px	6.62px	6.62px	[604.2838745117188,166.71148681640625,1034.9881591796875,719.7614135742188]	[1019.3837791796876,704.1570335742188,1028.3681591796876,713.1414135742187]	/tmp/webui-craft-round4-s8.99-i6.62.png	ee94731f1e4d945e70f1e0f9f9075c2337b6f0bfd62527479dcfbbe073e9adc3	(1991,1359)-(2060,1428)/139/touch=0/min=1/selected=0;(2030,1398)-(2050,1418)/231/touch=0/min=1/selected=1	(2030,1398)-(2050,1418)	20,20
8.99	6.50	8.98438px	8.98438px	6.5px	6.5px	[604.2838745117188,166.71148681640625,1034.9881591796875,719.7614135742188]	[1019.5037791796875,704.2770335742188,1028.4881591796875,713.2614135742188]	/tmp/webui-craft-round4-s8.99-i6.50.png	55a0cc7eb5f9cc9028a59debca0376890c8b47e40e115b55199abd4fb11beb42	(1991,1359)-(2060,1428)/139/touch=0/min=1/selected=0;(2031,1399)-(2050,1418)/210/touch=0/min=1/selected=1	(2031,1399)-(2050,1418)	20,20
9.00	7.00	9px	9px	7px	7px	[604.2838745117188,166.71148681640625,1034.9881591796875,719.7614135742188]	[1018.9881591796875,703.7614135742188,1027.9881591796875,712.7614135742188]	/tmp/webui-craft-round4-s9.00-i7.00.png	a894277c7c8898dd393e561e12074dcd43d173f817c1304d89eae2418944cb45	(1991,1359)-(2060,1428)/139/touch=0/min=1/selected=0;(2028,1397)-(2050,1418)/270/touch=0/min=1/selected=1	(2028,1397)-(2050,1418)	20,20
9.00	6.99	9px	9px	6.99px	6.99px	[604.2838745117188,166.71148681640625,1034.9881591796875,719.7614135742188]	[1018.9981591796875,703.7714135742187,1027.9981591796875,712.7714135742187]	/tmp/webui-craft-round4-s9.00-i6.99.png	2909147d9176235a7f664e038f46bbf701f227013b67924ecf51ec454a2ee67d	(1991,1359)-(2060,1428)/139/touch=0/min=1/selected=0;(2028,1397)-(2050,1418)/275/touch=0/min=1/selected=1	(2028,1397)-(2050,1418)	20,20
9.00	6.98	9px	9px	6.98px	6.98px	[604.2838745117188,166.71148681640625,1034.9881591796875,719.7614135742188]	[1019.0081591796875,703.7814135742187,1028.0081591796875,712.7814135742187]	/tmp/webui-craft-round4-s9.00-i6.98.png	675986e089490550fec6adf845c5b1b1bac8ffaf85a5be936982c06ce271ff38	(1991,1359)-(2060,1428)/139/touch=0/min=1/selected=0;(2028,1397)-(2050,1418)/275/touch=0/min=1/selected=1	(2028,1397)-(2050,1418)	20,20
9.00	6.97	9px	9px	6.97px	6.97px	[604.2838745117188,166.71148681640625,1034.9881591796875,719.7614135742188]	[1019.0181591796875,703.7914135742187,1028.0181591796875,712.7914135742187]	/tmp/webui-craft-round4-s9.00-i6.97.png	675986e089490550fec6adf845c5b1b1bac8ffaf85a5be936982c06ce271ff38	(1991,1359)-(2060,1428)/139/touch=0/min=1/selected=0;(2028,1397)-(2050,1418)/275/touch=0/min=1/selected=1	(2028,1397)-(2050,1418)	20,20
9.00	6.96	9px	9px	6.96px	6.96px	[604.2838745117188,166.71148681640625,1034.9881591796875,719.7614135742188]	[1019.0281591796875,703.8014135742187,1028.0281591796875,712.8014135742187]	/tmp/webui-craft-round4-s9.00-i6.96.png	7dbe3a30b566aa569018aeb9a06be687a964c79bda7ef548a67200c62c28f87c	(1991,1359)-(2060,1428)/139/touch=0/min=1/selected=0;(2028,1397)-(2050,1418)/275/touch=0/min=1/selected=1	(2028,1397)-(2050,1418)	20,20
9.00	6.94	9px	9px	6.94px	6.94px	[604.2838745117188,166.71148681640625,1034.9881591796875,719.7614135742188]	[1019.0481591796874,703.8214135742187,1028.0481591796874,712.8214135742187]	/tmp/webui-craft-round4-s9.00-i6.94.png	50c4e31783a127e76b0e1a946fae7541e29469afda1736944f2c482c186cd841	(1991,1359)-(2060,1428)/139/touch=0/min=1/selected=0;(2028,1397)-(2050,1418)/275/touch=0/min=1/selected=1	(2028,1397)-(2050,1418)	20,20
9.00	6.93	9px	9px	6.93px	6.93px	[604.2838745117188,166.71148681640625,1034.9881591796875,719.7614135742188]	[1019.0581591796874,703.8314135742188,1028.0581591796874,712.8314135742188]	/tmp/webui-craft-round4-s9.00-i6.93.png	336b1f2a79d8f7b19572c823d37d92f3a8c17632031a794670fb4ff22ffda186	(1991,1359)-(2060,1428)/139/touch=0/min=1/selected=0;(2028,1397)-(2050,1418)/275/touch=0/min=1/selected=1	(2028,1397)-(2050,1418)	20,20
9.00	6.91	9px	9px	6.91px	6.91px	[604.2838745117188,166.71148681640625,1034.9881591796875,719.7614135742188]	[1019.0781591796874,703.8514135742188,1028.0781591796874,712.8514135742188]	/tmp/webui-craft-round4-s9.00-i6.91.png	3369a844a960411c6fd04d257b4486012a5a900af2ca05aeccd9583ef52976b1	(1991,1359)-(2060,1428)/139/touch=0/min=1/selected=0;(2028,1397)-(2050,1418)/275/touch=0/min=1/selected=1	(2028,1397)-(2050,1418)	20,20
9.00	6.87	9px	9px	6.87px	6.87px	[604.2838745117188,166.71148681640625,1034.9881591796875,719.7614135742188]	[1019.1181591796876,703.8914135742187,1028.1181591796876,712.8914135742187]	/tmp/webui-craft-round4-s9.00-i6.87.png	b8416b2769c66b01c916d604cedaa30f0fb4f045cca5f70bc6f89a2c9575b62a	(1991,1359)-(2060,1428)/139/touch=0/min=1/selected=0;(2029,1397)-(2050,1418)/253/touch=0/min=1/selected=1	(2029,1397)-(2050,1418)	20,20
9.00	6.86	9px	9px	6.86px	6.86px	[604.2838745117188,166.71148681640625,1034.9881591796875,719.7614135742188]	[1019.1281591796876,703.9014135742187,1028.1281591796876,712.9014135742187]	/tmp/webui-craft-round4-s9.00-i6.86.png	b8416b2769c66b01c916d604cedaa30f0fb4f045cca5f70bc6f89a2c9575b62a	(1991,1359)-(2060,1428)/139/touch=0/min=1/selected=0;(2029,1397)-(2050,1418)/253/touch=0/min=1/selected=1	(2029,1397)-(2050,1418)	20,20
9.00	6.85	9px	9px	6.85px	6.85px	[604.2838745117188,166.71148681640625,1034.9881591796875,719.7614135742188]	[1019.1381591796876,703.9114135742187,1028.1381591796876,712.9114135742187]	/tmp/webui-craft-round4-s9.00-i6.85.png	e99a4b442cced9c92e59605a43b433faad71f8f7ec0e7d0e3b95fb744410ce1c	(1991,1359)-(2060,1428)/139/touch=0/min=1/selected=0;(2029,1397)-(2050,1418)/253/touch=0/min=1/selected=1	(2029,1397)-(2050,1418)	20,20
9.00	6.83	9px	9px	6.83px	6.83px	[604.2838745117188,166.71148681640625,1034.9881591796875,719.7614135742188]	[1019.1581591796876,703.9314135742187,1028.1581591796876,712.9314135742187]	/tmp/webui-craft-round4-s9.00-i6.83.png	ab191c045fc11a06d4a5f40584dd33886b13a2c131dd26eae8c9fbeb3ae57f56	(1991,1359)-(2060,1428)/139/touch=0/min=1/selected=0;(2029,1397)-(2050,1418)/253/touch=0/min=1/selected=1	(2029,1397)-(2050,1418)	20,20
9.00	6.82	9px	9px	6.82px	6.82px	[604.2838745117188,166.71148681640625,1034.9881591796875,719.7614135742188]	[1019.1681591796876,703.9414135742187,1028.1681591796876,712.9414135742187]	/tmp/webui-craft-round4-s9.00-i6.82.png	776aaf71ee18fd69fbf4cc7987e6f8c18fc8a36424d79b8b932fe4d5f4b55adb	(1991,1359)-(2060,1428)/139/touch=0/min=1/selected=0;(2029,1397)-(2050,1418)/253/touch=0/min=1/selected=1	(2029,1397)-(2050,1418)	20,20
9.00	6.81	9px	9px	6.81px	6.81px	[604.2838745117188,166.71148681640625,1034.9881591796875,719.7614135742188]	[1019.1781591796876,703.9514135742188,1028.1781591796876,712.9514135742188]	/tmp/webui-craft-round4-s9.00-i6.81.png	00a45c296a72390b1de3ceb7729f8421b387a9f1140a43d6215e20adad722ea5	(1991,1359)-(2060,1428)/139/touch=0/min=1/selected=0;(2029,1397)-(2050,1418)/253/touch=0/min=1/selected=1	(2029,1397)-(2050,1418)	20,20
9.00	6.69	9px	9px	6.69px	6.69px	[604.2838745117188,166.71148681640625,1034.9881591796875,719.7614135742188]	[1019.2981591796874,704.0714135742187,1028.2981591796874,713.0714135742187]	/tmp/webui-craft-round4-s9.00-i6.69.png	a7b7bd9cb92fdc141115cc8d397fe8854062f662b15e5245ebe1b480660c9ed2	(1991,1359)-(2060,1428)/139/touch=0/min=1/selected=0;(2030,1398)-(2050,1418)/231/touch=0/min=1/selected=1	(2030,1398)-(2050,1418)	20,20
9.00	6.68	9px	9px	6.68px	6.68px	[604.2838745117188,166.71148681640625,1034.9881591796875,719.7614135742188]	[1019.3081591796874,704.0814135742188,1028.3081591796874,713.0814135742188]	/tmp/webui-craft-round4-s9.00-i6.68.png	131db6cf2ef5a47d697d0d632fa2ca773128d7e0a23c9cb70e20c3800765c7cf	(1991,1359)-(2060,1428)/139/touch=0/min=1/selected=0;(2030,1398)-(2050,1418)/231/touch=0/min=1/selected=1	(2030,1398)-(2050,1418)	20,20
9.00	6.62	9px	9px	6.62px	6.62px	[604.2838745117188,166.71148681640625,1034.9881591796875,719.7614135742188]	[1019.3681591796876,704.1414135742187,1028.3681591796876,713.1414135742187]	/tmp/webui-craft-round4-s9.00-i6.62.png	688ceae7a9eb6f8d72f3796814b362a5e5429c9a6e6a03bb5acf15f12a225e43	(1991,1359)-(2060,1428)/139/touch=0/min=1/selected=0;(2030,1398)-(2050,1418)/231/touch=0/min=1/selected=1	(2030,1398)-(2050,1418)	20,20
9.00	6.50	9px	9px	6.5px	6.5px	[604.2838745117188,166.71148681640625,1034.9881591796875,719.7614135742188]	[1019.4881591796875,704.2614135742188,1028.4881591796875,713.2614135742188]	/tmp/webui-craft-round4-s9.00-i6.50.png	2d87f1f8d11a74b8fd0b27bb31b52b1d8321663d2def187ca78a0baa484b1fba	(1991,1359)-(2060,1428)/139/touch=0/min=1/selected=0;(2031,1399)-(2050,1418)/211/touch=0/min=1/selected=1	(2031,1399)-(2050,1418)	20,20
9.02	7.00	9.01562px	9.01562px	7px	7px	[604.2838745117188,166.71148681640625,1034.9881591796875,719.7614135742188]	[1018.9725391796875,703.7457935742187,1027.9881591796875,712.7614135742188]	/tmp/webui-craft-round4-s9.02-i7.00.png	672d6bd21b71ed5a29c0aa1a2eca2264d3e909359539a285d3e309cff4b55866	(1991,1359)-(2060,1428)/139/touch=0/min=1/selected=0;(2028,1397)-(2050,1418)/270/touch=0/min=1/selected=1	(2028,1397)-(2050,1418)	20,20
9.02	6.99	9.01562px	9.01562px	6.99px	6.99px	[604.2838745117188,166.71148681640625,1034.9881591796875,719.7614135742188]	[1018.9825391796875,703.7557935742187,1027.9981591796875,712.7714135742187]	/tmp/webui-craft-round4-s9.02-i6.99.png	9a672786036c9de4a77a81805cf9bf71b7c940bd5b59e8cda957addb8e387af4	(1991,1359)-(2060,1428)/139/touch=0/min=1/selected=0;(2028,1397)-(2050,1418)/275/touch=0/min=1/selected=1	(2028,1397)-(2050,1418)	20,20
9.02	6.98	9.01562px	9.01562px	6.98px	6.98px	[604.2838745117188,166.71148681640625,1034.9881591796875,719.7614135742188]	[1018.9925391796875,703.7657935742187,1028.0081591796875,712.7814135742187]	/tmp/webui-craft-round4-s9.02-i6.98.png	bf2217b8ba63372eda921cfa326fd8b42d7ce01af2c39457dcb9e54d9baa7ad4	(1991,1359)-(2060,1428)/139/touch=0/min=1/selected=0;(2028,1397)-(2050,1418)/275/touch=0/min=1/selected=1	(2028,1397)-(2050,1418)	20,20
9.02	6.97	9.01562px	9.01562px	6.97px	6.97px	[604.2838745117188,166.71148681640625,1034.9881591796875,719.7614135742188]	[1019.0025391796875,703.7757935742187,1028.0181591796875,712.7914135742187]	/tmp/webui-craft-round4-s9.02-i6.97.png	bf2217b8ba63372eda921cfa326fd8b42d7ce01af2c39457dcb9e54d9baa7ad4	(1991,1359)-(2060,1428)/139/touch=0/min=1/selected=0;(2028,1397)-(2050,1418)/275/touch=0/min=1/selected=1	(2028,1397)-(2050,1418)	20,20
9.02	6.96	9.01562px	9.01562px	6.96px	6.96px	[604.2838745117188,166.71148681640625,1034.9881591796875,719.7614135742188]	[1019.0125391796875,703.7857935742187,1028.0281591796875,712.8014135742187]	/tmp/webui-craft-round4-s9.02-i6.96.png	f07e10af4dbc962507df189d929c24535a9edb38b966093dcf9f06dee4a59768	(1991,1359)-(2060,1428)/139/touch=0/min=1/selected=0;(2028,1397)-(2050,1418)/275/touch=0/min=1/selected=1	(2028,1397)-(2050,1418)	20,20
9.02	6.94	9.01562px	9.01562px	6.94px	6.94px	[604.2838745117188,166.71148681640625,1034.9881591796875,719.7614135742188]	[1019.0325391796874,703.8057935742187,1028.0481591796874,712.8214135742187]	/tmp/webui-craft-round4-s9.02-i6.94.png	376dcacbb5a4b05aa787f2bf57eb13fbb324c2c33d7389ae664b384ec3bdef7c	(1991,1359)-(2060,1428)/139/touch=0/min=1/selected=0;(2028,1397)-(2050,1418)/275/touch=0/min=1/selected=1	(2028,1397)-(2050,1418)	20,20
9.02	6.93	9.01562px	9.01562px	6.93px	6.93px	[604.2838745117188,166.71148681640625,1034.9881591796875,719.7614135742188]	[1019.0425391796874,703.8157935742188,1028.0581591796874,712.8314135742188]	/tmp/webui-craft-round4-s9.02-i6.93.png	4945ac3237f28fd5f7c834c2a0005167f5719ce8e59ed5604c9d2ea1ea9a4832	(1991,1359)-(2060,1428)/139/touch=0/min=1/selected=0;(2028,1397)-(2050,1418)/275/touch=0/min=1/selected=1	(2028,1397)-(2050,1418)	20,20
9.02	6.91	9.01562px	9.01562px	6.91px	6.91px	[604.2838745117188,166.71148681640625,1034.9881591796875,719.7614135742188]	[1019.0625391796874,703.8357935742188,1028.0781591796874,712.8514135742188]	/tmp/webui-craft-round4-s9.02-i6.91.png	3369a844a960411c6fd04d257b4486012a5a900af2ca05aeccd9583ef52976b1	(1991,1359)-(2060,1428)/139/touch=0/min=1/selected=0;(2028,1397)-(2050,1418)/275/touch=0/min=1/selected=1	(2028,1397)-(2050,1418)	20,20
9.02	6.87	9.01562px	9.01562px	6.87px	6.87px	[604.2838745117188,166.71148681640625,1034.9881591796875,719.7614135742188]	[1019.1025391796876,703.8757935742187,1028.1181591796876,712.8914135742187]	/tmp/webui-craft-round4-s9.02-i6.87.png	1d2afe12963af72c2896a9f6f5e1bcce62b5855fbb2b7d1aefedc5b8ff7096a4	(1991,1359)-(2060,1428)/139/touch=0/min=1/selected=0;(2029,1397)-(2050,1418)/253/touch=0/min=1/selected=1	(2029,1397)-(2050,1418)	20,20
9.02	6.86	9.01562px	9.01562px	6.86px	6.86px	[604.2838745117188,166.71148681640625,1034.9881591796875,719.7614135742188]	[1019.1125391796876,703.8857935742187,1028.1281591796876,712.9014135742187]	/tmp/webui-craft-round4-s9.02-i6.86.png	1d2afe12963af72c2896a9f6f5e1bcce62b5855fbb2b7d1aefedc5b8ff7096a4	(1991,1359)-(2060,1428)/139/touch=0/min=1/selected=0;(2029,1397)-(2050,1418)/253/touch=0/min=1/selected=1	(2029,1397)-(2050,1418)	20,20
9.02	6.85	9.01562px	9.01562px	6.85px	6.85px	[604.2838745117188,166.71148681640625,1034.9881591796875,719.7614135742188]	[1019.1225391796876,703.8957935742187,1028.1381591796876,712.9114135742187]	/tmp/webui-craft-round4-s9.02-i6.85.png	28d4c22f134e659516eca02d603a002fa3d8ade4fc1b728a416d28894955fc4a	(1991,1359)-(2060,1428)/139/touch=0/min=1/selected=0;(2029,1397)-(2050,1418)/253/touch=0/min=1/selected=1	(2029,1397)-(2050,1418)	20,20
9.02	6.83	9.01562px	9.01562px	6.83px	6.83px	[604.2838745117188,166.71148681640625,1034.9881591796875,719.7614135742188]	[1019.1425391796876,703.9157935742187,1028.1581591796876,712.9314135742187]	/tmp/webui-craft-round4-s9.02-i6.83.png	3042c1c74e4feac4f359959e6458881249e2bf63ed83fd45714fe8ac7d0dc10b	(1991,1359)-(2060,1428)/139/touch=0/min=1/selected=0;(2029,1397)-(2050,1418)/253/touch=0/min=1/selected=1	(2029,1397)-(2050,1418)	20,20
9.02	6.82	9.01562px	9.01562px	6.82px	6.82px	[604.2838745117188,166.71148681640625,1034.9881591796875,719.7614135742188]	[1019.1525391796876,703.9257935742187,1028.1681591796876,712.9414135742187]	/tmp/webui-craft-round4-s9.02-i6.82.png	1abe1e11e82e2edb32221f0b46aa038701053bca364f11d286b565f13461fd28	(1991,1359)-(2060,1428)/139/touch=0/min=1/selected=0;(2029,1397)-(2050,1418)/253/touch=0/min=1/selected=1	(2029,1397)-(2050,1418)	20,20
9.02	6.81	9.01562px	9.01562px	6.81px	6.81px	[604.2838745117188,166.71148681640625,1034.9881591796875,719.7614135742188]	[1019.1625391796875,703.9357935742188,1028.1781591796876,712.9514135742188]	/tmp/webui-craft-round4-s9.02-i6.81.png	e0f8dc7a2066dd0e672a503230ad7ff544d708b050299e985528a7bdf19009b6	(1991,1359)-(2060,1428)/139/touch=0/min=1/selected=0;(2029,1397)-(2050,1418)/253/touch=0/min=1/selected=1	(2029,1397)-(2050,1418)	20,20
9.02	6.69	9.01562px	9.01562px	6.69px	6.69px	[604.2838745117188,166.71148681640625,1034.9881591796875,719.7614135742188]	[1019.2825391796874,704.0557935742187,1028.2981591796874,713.0714135742187]	/tmp/webui-craft-round4-s9.02-i6.69.png	6313b234b3c832bd33a8d605fa932a6f06d04372408010ac7fc41dd1a7eb576d	(1991,1359)-(2060,1428)/139/touch=0/min=1/selected=0;(2030,1398)-(2050,1418)/231/touch=0/min=1/selected=1	(2030,1398)-(2050,1418)	20,20
9.02	6.68	9.01562px	9.01562px	6.68px	6.68px	[604.2838745117188,166.71148681640625,1034.9881591796875,719.7614135742188]	[1019.2925391796874,704.0657935742188,1028.3081591796874,713.0814135742188]	/tmp/webui-craft-round4-s9.02-i6.68.png	e54d81ebd131ea8bbb5261ac54933b805b4aebf0f6d3e015e0d5922fc98fb200	(1991,1359)-(2060,1428)/139/touch=0/min=1/selected=0;(2030,1398)-(2050,1418)/231/touch=0/min=1/selected=1	(2030,1398)-(2050,1418)	20,20
9.02	6.62	9.01562px	9.01562px	6.62px	6.62px	[604.2838745117188,166.71148681640625,1034.9881591796875,719.7614135742188]	[1019.3525391796876,704.1257935742187,1028.3681591796876,713.1414135742187]	/tmp/webui-craft-round4-s9.02-i6.62.png	ec9a4cbe2763b85dfebdde714c7cc0fb261dfc41d9fb4ae6f6d86724fb293789	(1991,1359)-(2060,1428)/139/touch=0/min=1/selected=0;(2030,1398)-(2050,1418)/231/touch=0/min=1/selected=1	(2030,1398)-(2050,1418)	20,20
9.02	6.50	9.01562px	9.01562px	6.5px	6.5px	[604.2838745117188,166.71148681640625,1034.9881591796875,719.7614135742188]	[1019.4725391796875,704.2457935742187,1028.4881591796875,713.2614135742188]	/tmp/webui-craft-round4-s9.02-i6.50.png	10c7415a9301a6a5d591223e0fb6d03bc65611ce6773c0f8ed739572466f4fb5	(1991,1359)-(2060,1428)/139/touch=0/min=1/selected=0;(2030,1399)-(2050,1418)/212/touch=0/min=1/selected=1	(2030,1399)-(2050,1418)	20,20
9.04	7.00	9.03125px	9.03125px	7px	7px	[604.2838745117188,166.71148681640625,1034.9881591796875,719.7614135742188]	[1018.9569091796875,703.7301635742188,1027.9881591796875,712.7614135742188]	/tmp/webui-craft-round4-s9.04-i7.00.png	fcad4361343fa2b6abb1d9e6a702549a485871eed0ee6ec13dc3fa0bb3a2eb29	(1991,1359)-(2060,1428)/139/touch=0/min=1/selected=0;(2028,1397)-(2050,1418)/270/touch=0/min=1/selected=1	(2028,1397)-(2050,1418)	20,20
9.04	6.99	9.03125px	9.03125px	6.99px	6.99px	[604.2838745117188,166.71148681640625,1034.9881591796875,719.7614135742188]	[1018.9669091796875,703.7401635742187,1027.9981591796875,712.7714135742187]	/tmp/webui-craft-round4-s9.04-i6.99.png	0c958e6c310f41a6bad028c74a52173124e34c3e1315821cbd0e3b7ba450b4aa	(1991,1359)-(2060,1428)/139/touch=0/min=1/selected=0;(2028,1397)-(2050,1418)/275/touch=0/min=1/selected=1	(2028,1397)-(2050,1418)	20,20
9.04	6.98	9.03125px	9.03125px	6.98px	6.98px	[604.2838745117188,166.71148681640625,1034.9881591796875,719.7614135742188]	[1018.9769091796875,703.7501635742187,1028.0081591796875,712.7814135742187]	/tmp/webui-craft-round4-s9.04-i6.98.png	d7ff2ce78911f4fb8660d5f1c090acaba1ee8a8a748ed4e49d38cd22a592bd0c	(1991,1359)-(2060,1428)/139/touch=0/min=1/selected=0;(2028,1397)-(2050,1418)/275/touch=0/min=1/selected=1	(2028,1397)-(2050,1418)	20,20
9.04	6.97	9.03125px	9.03125px	6.97px	6.97px	[604.2838745117188,166.71148681640625,1034.9881591796875,719.7614135742188]	[1018.9869091796875,703.7601635742187,1028.0181591796875,712.7914135742187]	/tmp/webui-craft-round4-s9.04-i6.97.png	d7ff2ce78911f4fb8660d5f1c090acaba1ee8a8a748ed4e49d38cd22a592bd0c	(1991,1359)-(2060,1428)/139/touch=0/min=1/selected=0;(2028,1397)-(2050,1418)/275/touch=0/min=1/selected=1	(2028,1397)-(2050,1418)	20,20
9.04	6.96	9.03125px	9.03125px	6.96px	6.96px	[604.2838745117188,166.71148681640625,1034.9881591796875,719.7614135742188]	[1018.9969091796875,703.7701635742187,1028.0281591796875,712.8014135742187]	/tmp/webui-craft-round4-s9.04-i6.96.png	8bc4b4af7e9e86226a5929ed30db3d6e3f846e8107ca85e365bac7fe98f63851	(1991,1359)-(2060,1428)/139/touch=0/min=1/selected=0;(2028,1397)-(2050,1418)/275/touch=0/min=1/selected=1	(2028,1397)-(2050,1418)	20,20
9.04	6.94	9.03125px	9.03125px	6.94px	6.94px	[604.2838745117188,166.71148681640625,1034.9881591796875,719.7614135742188]	[1019.0169091796874,703.7901635742187,1028.0481591796874,712.8214135742187]	/tmp/webui-craft-round4-s9.04-i6.94.png	436989c2c1ed4e5dd814880481f2573dbddbbe76f2eccbfc7fd1aac27699c16a	(1991,1359)-(2060,1428)/139/touch=0/min=1/selected=0;(2028,1397)-(2050,1418)/275/touch=0/min=1/selected=1	(2028,1397)-(2050,1418)	20,20
9.04	6.93	9.03125px	9.03125px	6.93px	6.93px	[604.2838745117188,166.71148681640625,1034.9881591796875,719.7614135742188]	[1019.0269091796874,703.8001635742188,1028.0581591796874,712.8314135742188]	/tmp/webui-craft-round4-s9.04-i6.93.png	9e44e459af453d2d9aed2cebbb43571a485569a88f67568ef441b0cc6eee662c	(1991,1359)-(2060,1428)/139/touch=0/min=1/selected=0;(2028,1397)-(2050,1418)/275/touch=0/min=1/selected=1	(2028,1397)-(2050,1418)	20,20
9.04	6.91	9.03125px	9.03125px	6.91px	6.91px	[604.2838745117188,166.71148681640625,1034.9881591796875,719.7614135742188]	[1019.0469091796874,703.8201635742188,1028.0781591796874,712.8514135742188]	/tmp/webui-craft-round4-s9.04-i6.91.png	4a8fd810234af3b76ef0c578d18d3a02c9f331afc97412867c189bc3f98e0ea1	(1991,1359)-(2060,1428)/139/touch=0/min=1/selected=0;(2028,1397)-(2050,1418)/275/touch=0/min=1/selected=1	(2028,1397)-(2050,1418)	20,20
9.04	6.87	9.03125px	9.03125px	6.87px	6.87px	[604.2838745117188,166.71148681640625,1034.9881591796875,719.7614135742188]	[1019.0869091796876,703.8601635742187,1028.1181591796876,712.8914135742187]	/tmp/webui-craft-round4-s9.04-i6.87.png	70e466aa08318f231c912cf356d035df844e396f773a5cd358b28a0370654f6d	(1991,1359)-(2060,1428)/139/touch=0/min=1/selected=0;(2029,1397)-(2050,1418)/253/touch=0/min=1/selected=1	(2029,1397)-(2050,1418)	20,20
9.04	6.86	9.03125px	9.03125px	6.86px	6.86px	[604.2838745117188,166.71148681640625,1034.9881591796875,719.7614135742188]	[1019.0969091796876,703.8701635742187,1028.1281591796876,712.9014135742187]	/tmp/webui-craft-round4-s9.04-i6.86.png	70e466aa08318f231c912cf356d035df844e396f773a5cd358b28a0370654f6d	(1991,1359)-(2060,1428)/139/touch=0/min=1/selected=0;(2029,1397)-(2050,1418)/253/touch=0/min=1/selected=1	(2029,1397)-(2050,1418)	20,20
9.04	6.85	9.03125px	9.03125px	6.85px	6.85px	[604.2838745117188,166.71148681640625,1034.9881591796875,719.7614135742188]	[1019.1069091796876,703.8801635742187,1028.1381591796876,712.9114135742187]	/tmp/webui-craft-round4-s9.04-i6.85.png	7bf5852d7d60f1938a96b512a55279bd80877c808d6eac0db63e286b7210d314	(1991,1359)-(2060,1428)/139/touch=0/min=1/selected=0;(2029,1397)-(2050,1418)/253/touch=0/min=1/selected=1	(2029,1397)-(2050,1418)	20,20
9.04	6.83	9.03125px	9.03125px	6.83px	6.83px	[604.2838745117188,166.71148681640625,1034.9881591796875,719.7614135742188]	[1019.1269091796876,703.9001635742187,1028.1581591796876,712.9314135742187]	/tmp/webui-craft-round4-s9.04-i6.83.png	768ce812b3be7cab5a51b2c5945c67167cc388e79a77bd9a30fb4c62f009305f	(1991,1359)-(2060,1428)/139/touch=0/min=1/selected=0;(2029,1397)-(2050,1418)/253/touch=0/min=1/selected=1	(2029,1397)-(2050,1418)	20,20
9.04	6.82	9.03125px	9.03125px	6.82px	6.82px	[604.2838745117188,166.71148681640625,1034.9881591796875,719.7614135742188]	[1019.1369091796876,703.9101635742187,1028.1681591796876,712.9414135742187]	/tmp/webui-craft-round4-s9.04-i6.82.png	5d61f1fc42670182f3138c4c927a58ea5efe2b6a955dc49ccb7718f900a5e8da	(1991,1359)-(2060,1428)/139/touch=0/min=1/selected=0;(2029,1397)-(2050,1418)/253/touch=0/min=1/selected=1	(2029,1397)-(2050,1418)	20,20
9.04	6.81	9.03125px	9.03125px	6.81px	6.81px	[604.2838745117188,166.71148681640625,1034.9881591796875,719.7614135742188]	[1019.1469091796876,703.9201635742188,1028.1781591796876,712.9514135742188]	/tmp/webui-craft-round4-s9.04-i6.81.png	d77a9c8c07714904fd81d26979cf9cbf7e86bc4f745d5121875f7f0c061d6af8	(1991,1359)-(2060,1428)/139/touch=0/min=1/selected=0;(2029,1397)-(2050,1418)/253/touch=0/min=1/selected=1	(2029,1397)-(2050,1418)	20,20
9.04	6.69	9.03125px	9.03125px	6.69px	6.69px	[604.2838745117188,166.71148681640625,1034.9881591796875,719.7614135742188]	[1019.2669091796874,704.0401635742187,1028.2981591796874,713.0714135742187]	/tmp/webui-craft-round4-s9.04-i6.69.png	7a345ba9b30b9115301f4847ef8ac212fb30989b2550222bd7e44885ef1072e9	(1991,1359)-(2060,1428)/139/touch=0/min=1/selected=0;(2030,1398)-(2050,1418)/231/touch=0/min=1/selected=1	(2030,1398)-(2050,1418)	20,20
9.04	6.68	9.03125px	9.03125px	6.68px	6.68px	[604.2838745117188,166.71148681640625,1034.9881591796875,719.7614135742188]	[1019.2769091796874,704.0501635742188,1028.3081591796874,713.0814135742188]	/tmp/webui-craft-round4-s9.04-i6.68.png	08a4ddaf6ac444d531baa5a071cf047f0654743856661dc218eb40dea66d1853	(1991,1359)-(2060,1428)/139/touch=0/min=1/selected=0;(2030,1398)-(2050,1418)/231/touch=0/min=1/selected=1	(2030,1398)-(2050,1418)	20,20
9.04	6.62	9.03125px	9.03125px	6.62px	6.62px	[604.2838745117188,166.71148681640625,1034.9881591796875,719.7614135742188]	[1019.3369091796876,704.1101635742187,1028.3681591796876,713.1414135742187]	/tmp/webui-craft-round4-s9.04-i6.62.png	c9905cb7ec901e423dc144357097485ed68121ec4ca00f10730e943e133ba358	(1991,1359)-(2060,1428)/139/touch=0/min=1/selected=0;(2030,1398)-(2050,1418)/231/touch=0/min=1/selected=1	(2030,1398)-(2050,1418)	20,20
9.04	6.50	9.03125px	9.03125px	6.5px	6.5px	[604.2838745117188,166.71148681640625,1034.9881591796875,719.7614135742188]	[1019.4569091796875,704.2301635742188,1028.4881591796875,713.2614135742188]	/tmp/webui-craft-round4-s9.04-i6.50.png	b5fd593faa0757519f2103f91b67693d74baf765aa66344ae306e7a36d36e6f7	(1991,1359)-(2060,1428)/139/touch=0/min=1/selected=0;(2030,1399)-(2050,1418)/230/touch=0/min=1/selected=1	(2030,1399)-(2050,1418)	20,20
9.05	7.00	9.04688px	9.04688px	7px	7px	[604.2838745117188,166.71148681640625,1034.9881591796875,719.7614135742188]	[1018.9412791796875,703.7145335742188,1027.9881591796875,712.7614135742188]	/tmp/webui-craft-round4-s9.05-i7.00.png	a578610f740bc8e753ad34c5271b82a530bc83fe17d43f01bc44dab7f1a939f1	(1991,1359)-(2060,1428)/139/touch=0/min=1/selected=0;(2028,1397)-(2050,1418)/270/touch=0/min=1/selected=1	(2028,1397)-(2050,1418)	20,20
9.05	6.99	9.04688px	9.04688px	6.99px	6.99px	[604.2838745117188,166.71148681640625,1034.9881591796875,719.7614135742188]	[1018.9512791796875,703.7245335742188,1027.9981591796875,712.7714135742187]	/tmp/webui-craft-round4-s9.05-i6.99.png	89426bcdcc9bd1e97f6fd02e5c27fcf36bbd06010fb5ff349b1e713a47a909f3	(1991,1359)-(2060,1428)/139/touch=0/min=1/selected=0;(2028,1397)-(2050,1418)/275/touch=0/min=1/selected=1	(2028,1397)-(2050,1418)	20,20
9.05	6.98	9.04688px	9.04688px	6.98px	6.98px	[604.2838745117188,166.71148681640625,1034.9881591796875,719.7614135742188]	[1018.9612791796875,703.7345335742187,1028.0081591796875,712.7814135742187]	/tmp/webui-craft-round4-s9.05-i6.98.png	d9a8babb16da67e29c86895f0cf5324a41d3b9154e608c2f3f9de47d1824afe9	(1991,1359)-(2060,1428)/139/touch=0/min=1/selected=0;(2028,1397)-(2050,1418)/275/touch=0/min=1/selected=1	(2028,1397)-(2050,1418)	20,20
9.05	6.97	9.04688px	9.04688px	6.97px	6.97px	[604.2838745117188,166.71148681640625,1034.9881591796875,719.7614135742188]	[1018.9712791796875,703.7445335742187,1028.0181591796875,712.7914135742187]	/tmp/webui-craft-round4-s9.05-i6.97.png	d9a8babb16da67e29c86895f0cf5324a41d3b9154e608c2f3f9de47d1824afe9	(1991,1359)-(2060,1428)/139/touch=0/min=1/selected=0;(2028,1397)-(2050,1418)/275/touch=0/min=1/selected=1	(2028,1397)-(2050,1418)	20,20
9.05	6.96	9.04688px	9.04688px	6.96px	6.96px	[604.2838745117188,166.71148681640625,1034.9881591796875,719.7614135742188]	[1018.9812791796875,703.7545335742187,1028.0281591796875,712.8014135742187]	/tmp/webui-craft-round4-s9.05-i6.96.png	096800a55a915cfd70655685f322363e38d40143920406d3184edb3ecbd100f5	(1991,1359)-(2060,1428)/139/touch=0/min=1/selected=0;(2028,1397)-(2050,1418)/275/touch=0/min=1/selected=1	(2028,1397)-(2050,1418)	20,20
9.05	6.94	9.04688px	9.04688px	6.94px	6.94px	[604.2838745117188,166.71148681640625,1034.9881591796875,719.7614135742188]	[1019.0012791796875,703.7745335742187,1028.0481591796874,712.8214135742187]	/tmp/webui-craft-round4-s9.05-i6.94.png	709d3979ad0c2a4731fa35182eb61f1add3de6953e83b7627f4e7db85d7617fc	(1991,1359)-(2060,1428)/139/touch=0/min=1/selected=0;(2028,1397)-(2050,1418)/275/touch=0/min=1/selected=1	(2028,1397)-(2050,1418)	20,20
9.05	6.93	9.04688px	9.04688px	6.93px	6.93px	[604.2838745117188,166.71148681640625,1034.9881591796875,719.7614135742188]	[1019.0112791796874,703.7845335742188,1028.0581591796874,712.8314135742188]	/tmp/webui-craft-round4-s9.05-i6.93.png	eb652178b74a7cc28f8720cf6580602542b1f911ebdf61575828ef8563d1271e	(1991,1359)-(2060,1428)/139/touch=0/min=1/selected=0;(2028,1397)-(2050,1418)/275/touch=0/min=1/selected=1	(2028,1397)-(2050,1418)	20,20
9.05	6.91	9.04688px	9.04688px	6.91px	6.91px	[604.2838745117188,166.71148681640625,1034.9881591796875,719.7614135742188]	[1019.0312791796874,703.8045335742188,1028.0781591796874,712.8514135742188]	/tmp/webui-craft-round4-s9.05-i6.91.png	0f241b3ac401d1735b97aec9c66d7dac4a3df03b5fe1a9c21984a6581bcfe0c0	(1991,1359)-(2060,1428)/139/touch=0/min=1/selected=0;(2028,1397)-(2050,1418)/275/touch=0/min=1/selected=1	(2028,1397)-(2050,1418)	20,20
9.05	6.87	9.04688px	9.04688px	6.87px	6.87px	[604.2838745117188,166.71148681640625,1034.9881591796875,719.7614135742188]	[1019.0712791796876,703.8445335742188,1028.1181591796876,712.8914135742187]	/tmp/webui-craft-round4-s9.05-i6.87.png	fafdf34c62ea6c1dace3627d139f0c58f19b2912f3ba11fefabc1906854a846a	(1991,1359)-(2060,1428)/139/touch=0/min=1/selected=0;(2029,1397)-(2050,1418)/253/touch=0/min=1/selected=1	(2029,1397)-(2050,1418)	20,20
9.05	6.86	9.04688px	9.04688px	6.86px	6.86px	[604.2838745117188,166.71148681640625,1034.9881591796875,719.7614135742188]	[1019.0812791796876,703.8545335742187,1028.1281591796876,712.9014135742187]	/tmp/webui-craft-round4-s9.05-i6.86.png	fafdf34c62ea6c1dace3627d139f0c58f19b2912f3ba11fefabc1906854a846a	(1991,1359)-(2060,1428)/139/touch=0/min=1/selected=0;(2029,1397)-(2050,1418)/253/touch=0/min=1/selected=1	(2029,1397)-(2050,1418)	20,20
9.05	6.85	9.04688px	9.04688px	6.85px	6.85px	[604.2838745117188,166.71148681640625,1034.9881591796875,719.7614135742188]	[1019.0912791796876,703.8645335742187,1028.1381591796876,712.9114135742187]	/tmp/webui-craft-round4-s9.05-i6.85.png	ddaceb25b5918ad77abb0e50011e6a3a210a5605f9109b42c3c52446e56210eb	(1991,1359)-(2060,1428)/139/touch=0/min=1/selected=0;(2029,1397)-(2050,1418)/253/touch=0/min=1/selected=1	(2029,1397)-(2050,1418)	20,20
9.05	6.83	9.04688px	9.04688px	6.83px	6.83px	[604.2838745117188,166.71148681640625,1034.9881591796875,719.7614135742188]	[1019.1112791796876,703.8845335742187,1028.1581591796876,712.9314135742187]	/tmp/webui-craft-round4-s9.05-i6.83.png	97735cc68dfc158b8a4b260cf3a73e3afe442504ef99ebfbfb8b6211b9be245a	(1991,1359)-(2060,1428)/139/touch=0/min=1/selected=0;(2029,1397)-(2050,1418)/253/touch=0/min=1/selected=1	(2029,1397)-(2050,1418)	20,20
9.05	6.82	9.04688px	9.04688px	6.82px	6.82px	[604.2838745117188,166.71148681640625,1034.9881591796875,719.7614135742188]	[1019.1212791796876,703.8945335742187,1028.1681591796876,712.9414135742187]	/tmp/webui-craft-round4-s9.05-i6.82.png	defa7c66415be180940f40375062a629d4552247085a428061c15c43fa066e5b	(1991,1359)-(2060,1428)/139/touch=0/min=1/selected=0;(2029,1397)-(2050,1418)/253/touch=0/min=1/selected=1	(2029,1397)-(2050,1418)	20,20
9.05	6.81	9.04688px	9.04688px	6.81px	6.81px	[604.2838745117188,166.71148681640625,1034.9881591796875,719.7614135742188]	[1019.1312791796876,703.9045335742188,1028.1781591796876,712.9514135742188]	/tmp/webui-craft-round4-s9.05-i6.81.png	d9d3b4ce8d984e5056e14109dc490775f135754bd3341a39e443c43af3f3d803	(1991,1359)-(2060,1428)/139/touch=0/min=1/selected=0;(2029,1397)-(2050,1418)/253/touch=0/min=1/selected=1	(2029,1397)-(2050,1418)	20,20
9.05	6.69	9.04688px	9.04688px	6.69px	6.69px	[604.2838745117188,166.71148681640625,1034.9881591796875,719.7614135742188]	[1019.2512791796875,704.0245335742187,1028.2981591796874,713.0714135742187]	/tmp/webui-craft-round4-s9.05-i6.69.png	53bb96f72e1081432b616dc00e988b46e91a0c2d3fe2fd0123e68e6229e40c0b	(1991,1359)-(2060,1428)/139/touch=0/min=1/selected=0;(2030,1398)-(2050,1418)/248/touch=0/min=1/selected=1	(2030,1398)-(2050,1418)	20,20
9.05	6.68	9.04688px	9.04688px	6.68px	6.68px	[604.2838745117188,166.71148681640625,1034.9881591796875,719.7614135742188]	[1019.2612791796874,704.0345335742188,1028.3081591796874,713.0814135742188]	/tmp/webui-craft-round4-s9.05-i6.68.png	1e877b590aa6e675291ddd36d7baf50a4fecb7c88311b30fb13031a4e1dd266c	(1991,1359)-(2060,1428)/139/touch=0/min=1/selected=0;(2030,1398)-(2050,1418)/231/touch=0/min=1/selected=1	(2030,1398)-(2050,1418)	20,20
9.05	6.62	9.04688px	9.04688px	6.62px	6.62px	[604.2838745117188,166.71148681640625,1034.9881591796875,719.7614135742188]	[1019.3212791796876,704.0945335742188,1028.3681591796876,713.1414135742187]	/tmp/webui-craft-round4-s9.05-i6.62.png	13042ce1318047f322dfb1342eef714bd82ca68fd6f7eb72cf37d2b822c02640	(1991,1359)-(2060,1428)/139/touch=0/min=1/selected=0;(2030,1398)-(2050,1418)/231/touch=0/min=1/selected=1	(2030,1398)-(2050,1418)	20,20
9.05	6.50	9.04688px	9.04688px	6.5px	6.5px	[604.2838745117188,166.71148681640625,1034.9881591796875,719.7614135742188]	[1019.4412791796875,704.2145335742188,1028.4881591796875,713.2614135742188]	/tmp/webui-craft-round4-s9.05-i6.50.png	6407bd7f0821f607b37e398caff8554669523c5cdc5252e84a99095c0f6ba1c3	(1991,1359)-(2060,1428)/139/touch=0/min=1/selected=0;(2030,1399)-(2050,1418)/230/touch=0/min=1/selected=1	(2030,1399)-(2050,1418)	20,20
9.07	7.00	9.0625px	9.0625px	7px	7px	[604.2838745117188,166.71148681640625,1034.9881591796875,719.7614135742188]	[1018.9256591796875,703.6989135742188,1027.9881591796875,712.7614135742188]	/tmp/webui-craft-round4-s9.07-i7.00.png	e9c95c252bfd8b1656d366cfe74c7eb9e07dbd47995aad5a17c22a27e8ad8e95	(1991,1359)-(2060,1428)/139/touch=0/min=1/selected=0;(2028,1397)-(2050,1418)/270/touch=0/min=1/selected=1	(2028,1397)-(2050,1418)	20,20
9.07	6.99	9.0625px	9.0625px	6.99px	6.99px	[604.2838745117188,166.71148681640625,1034.9881591796875,719.7614135742188]	[1018.9356591796875,703.7089135742187,1027.9981591796875,712.7714135742187]	/tmp/webui-craft-round4-s9.07-i6.99.png	6cfcf52fcc685750b2c127be2675f454e26fc72e359868cfa1186f3aca177b8e	(1991,1359)-(2060,1428)/139/touch=0/min=1/selected=0;(2028,1397)-(2050,1418)/275/touch=0/min=1/selected=1	(2028,1397)-(2050,1418)	20,20
9.07	6.98	9.0625px	9.0625px	6.98px	6.98px	[604.2838745117188,166.71148681640625,1034.9881591796875,719.7614135742188]	[1018.9456591796875,703.7189135742187,1028.0081591796875,712.7814135742187]	/tmp/webui-craft-round4-s9.07-i6.98.png	c0368d84c0da3942146e05c9a3481de25f35bce7899770690e27b46b92079490	(1991,1359)-(2060,1428)/139/touch=0/min=1/selected=0;(2028,1397)-(2050,1418)/275/touch=0/min=1/selected=1	(2028,1397)-(2050,1418)	20,20
9.07	6.97	9.0625px	9.0625px	6.97px	6.97px	[604.2838745117188,166.71148681640625,1034.9881591796875,719.7614135742188]	[1018.9556591796875,703.7289135742187,1028.0181591796875,712.7914135742187]	/tmp/webui-craft-round4-s9.07-i6.97.png	c0368d84c0da3942146e05c9a3481de25f35bce7899770690e27b46b92079490	(1991,1359)-(2060,1428)/139/touch=0/min=1/selected=0;(2028,1397)-(2050,1418)/275/touch=0/min=1/selected=1	(2028,1397)-(2050,1418)	20,20
9.07	6.96	9.0625px	9.0625px	6.96px	6.96px	[604.2838745117188,166.71148681640625,1034.9881591796875,719.7614135742188]	[1018.9656591796875,703.7389135742187,1028.0281591796875,712.8014135742187]	/tmp/webui-craft-round4-s9.07-i6.96.png	4f9227ff8b489c60303f269e179bed9ad0221b50b18ed98ee349d5bbe2d11739	(1991,1359)-(2060,1428)/139/touch=0/min=1/selected=0;(2028,1397)-(2050,1418)/275/touch=0/min=1/selected=1	(2028,1397)-(2050,1418)	20,20
9.07	6.94	9.0625px	9.0625px	6.94px	6.94px	[604.2838745117188,166.71148681640625,1034.9881591796875,719.7614135742188]	[1018.9856591796874,703.7589135742187,1028.0481591796874,712.8214135742187]	/tmp/webui-craft-round4-s9.07-i6.94.png	f315d11ad0b6351035c2a805d78728c59deb6815d3d9ce97ecb995fde93731eb	(1991,1359)-(2060,1428)/139/touch=0/min=1/selected=0;(2028,1397)-(2050,1418)/275/touch=0/min=1/selected=1	(2028,1397)-(2050,1418)	20,20
9.07	6.93	9.0625px	9.0625px	6.93px	6.93px	[604.2838745117188,166.71148681640625,1034.9881591796875,719.7614135742188]	[1018.9956591796874,703.7689135742188,1028.0581591796874,712.8314135742188]	/tmp/webui-craft-round4-s9.07-i6.93.png	65608467deb705fe7ac06bc5691322059fdb3a9e9c620a43c96050101d51994f	(1991,1359)-(2060,1428)/139/touch=0/min=1/selected=0;(2028,1397)-(2050,1418)/275/touch=0/min=1/selected=1	(2028,1397)-(2050,1418)	20,20
9.07	6.91	9.0625px	9.0625px	6.91px	6.91px	[604.2838745117188,166.71148681640625,1034.9881591796875,719.7614135742188]	[1019.0156591796874,703.7889135742188,1028.0781591796874,712.8514135742188]	/tmp/webui-craft-round4-s9.07-i6.91.png	ef2e330f7c53ecf1a77dbcd352df0b1f1eea97d70db3af6de4ada2e9c40b1821	(1991,1359)-(2060,1428)/139/touch=0/min=1/selected=0;(2028,1397)-(2050,1418)/275/touch=0/min=1/selected=1	(2028,1397)-(2050,1418)	20,20
9.07	6.87	9.0625px	9.0625px	6.87px	6.87px	[604.2838745117188,166.71148681640625,1034.9881591796875,719.7614135742188]	[1019.0556591796876,703.8289135742187,1028.1181591796876,712.8914135742187]	/tmp/webui-craft-round4-s9.07-i6.87.png	8fc5f0d68e5534f4d4d1679a6f40982fa84a1a33418d0c317950a52e0b878fa1	(1991,1359)-(2060,1428)/139/touch=0/min=1/selected=0;(2029,1397)-(2050,1418)/253/touch=0/min=1/selected=1	(2029,1397)-(2050,1418)	20,20
9.07	6.86	9.0625px	9.0625px	6.86px	6.86px	[604.2838745117188,166.71148681640625,1034.9881591796875,719.7614135742188]	[1019.0656591796876,703.8389135742187,1028.1281591796876,712.9014135742187]	/tmp/webui-craft-round4-s9.07-i6.86.png	8fc5f0d68e5534f4d4d1679a6f40982fa84a1a33418d0c317950a52e0b878fa1	(1991,1359)-(2060,1428)/139/touch=0/min=1/selected=0;(2029,1397)-(2050,1418)/253/touch=0/min=1/selected=1	(2029,1397)-(2050,1418)	20,20
9.07	6.85	9.0625px	9.0625px	6.85px	6.85px	[604.2838745117188,166.71148681640625,1034.9881591796875,719.7614135742188]	[1019.0756591796876,703.8489135742187,1028.1381591796876,712.9114135742187]	/tmp/webui-craft-round4-s9.07-i6.85.png	d7e57a531bbd2c07e8683986299b8515c084be66b5d0ca556eed405e322c4824	(1991,1359)-(2060,1428)/139/touch=0/min=1/selected=0;(2029,1397)-(2050,1418)/253/touch=0/min=1/selected=1	(2029,1397)-(2050,1418)	20,20
9.07	6.83	9.0625px	9.0625px	6.83px	6.83px	[604.2838745117188,166.71148681640625,1034.9881591796875,719.7614135742188]	[1019.0956591796876,703.8689135742187,1028.1581591796876,712.9314135742187]	/tmp/webui-craft-round4-s9.07-i6.83.png	6ed8c2e7aca7e7ff129abbeae45c3101514f28d16217e0e9075f39e618d29690	(1991,1359)-(2060,1428)/139/touch=0/min=1/selected=0;(2029,1397)-(2050,1418)/253/touch=0/min=1/selected=1	(2029,1397)-(2050,1418)	20,20
9.07	6.82	9.0625px	9.0625px	6.82px	6.82px	[604.2838745117188,166.71148681640625,1034.9881591796875,719.7614135742188]	[1019.1056591796876,703.8789135742187,1028.1681591796876,712.9414135742187]	/tmp/webui-craft-round4-s9.07-i6.82.png	f062139460337c43e7107910d32d9dc25e488ed26793248ba1a92023ac33644a	(1991,1359)-(2060,1428)/139/touch=0/min=1/selected=0;(2029,1397)-(2050,1418)/253/touch=0/min=1/selected=1	(2029,1397)-(2050,1418)	20,20
9.07	6.81	9.0625px	9.0625px	6.81px	6.81px	[604.2838745117188,166.71148681640625,1034.9881591796875,719.7614135742188]	[1019.1156591796876,703.8889135742188,1028.1781591796876,712.9514135742188]	/tmp/webui-craft-round4-s9.07-i6.81.png	04f1a55a7fa67957d26a0ed5a27a0c6b10e35f3c8f52902328bdae19878356e9	(1991,1359)-(2060,1428)/139/touch=0/min=1/selected=0;(2029,1397)-(2050,1418)/253/touch=0/min=1/selected=1	(2029,1397)-(2050,1418)	20,20
9.07	6.69	9.0625px	9.0625px	6.69px	6.69px	[604.2838745117188,166.71148681640625,1034.9881591796875,719.7614135742188]	[1019.2356591796874,704.0089135742187,1028.2981591796874,713.0714135742187]	/tmp/webui-craft-round4-s9.07-i6.69.png	97ef71ddf249e4a7ad5f9fcb26e24b21c3f6a21c8cc148b37cfc8092b544e631	(1991,1359)-(2060,1428)/139/touch=0/min=1/selected=0;(2030,1398)-(2050,1418)/249/touch=0/min=1/selected=1	(2030,1398)-(2050,1418)	20,20
9.07	6.68	9.0625px	9.0625px	6.68px	6.68px	[604.2838745117188,166.71148681640625,1034.9881591796875,719.7614135742188]	[1019.2456591796874,704.0189135742188,1028.3081591796874,713.0814135742188]	/tmp/webui-craft-round4-s9.07-i6.68.png	2a48fdc221d33ce2b4d6bc5240bbb010689dbffcc8db688ba6b513a12f7520da	(1991,1359)-(2060,1428)/139/touch=0/min=1/selected=0;(2030,1398)-(2050,1418)/231/touch=0/min=1/selected=1	(2030,1398)-(2050,1418)	20,20
9.07	6.62	9.0625px	9.0625px	6.62px	6.62px	[604.2838745117188,166.71148681640625,1034.9881591796875,719.7614135742188]	[1019.3056591796876,704.0789135742187,1028.3681591796876,713.1414135742187]	/tmp/webui-craft-round4-s9.07-i6.62.png	235a9ad5a3c9fd81a4bdebdf74c6d12351d7840794379d46d197cdc7c475f473	(1991,1359)-(2060,1428)/139/touch=0/min=1/selected=0;(2030,1398)-(2050,1418)/231/touch=0/min=1/selected=1	(2030,1398)-(2050,1418)	20,20
9.07	6.50	9.0625px	9.0625px	6.5px	6.5px	[604.2838745117188,166.71148681640625,1034.9881591796875,719.7614135742188]	[1019.4256591796875,704.1989135742188,1028.4881591796875,713.2614135742188]	/tmp/webui-craft-round4-s9.07-i6.50.png	e62a64f5bdd6202346f0f0468a2f5648db5067ef89b9995b98cf9635e4b8fbfc	(1991,1359)-(2060,1428)/139/touch=0/min=1/selected=0;(2030,1399)-(2050,1418)/230/touch=0/min=1/selected=1	(2030,1399)-(2050,1418)	20,20
9.11	7.00	9.10938px	9.10938px	7px	7px	[604.2838745117188,166.71148681640625,1034.9881591796875,719.7614135742188]	[1018.8787791796875,703.6520335742188,1027.9881591796875,712.7614135742188]	/tmp/webui-craft-round4-s9.11-i7.00.png	49eefc148806d1f7aff5d4ff65e8cc873fa3a9f1333bb55e0266890f127647fb	(1991,1359)-(2060,1428)/139/touch=0/min=1/selected=0;(2028,1397)-(2050,1418)/269/touch=0/min=1/selected=1	(2028,1397)-(2050,1418)	20,20
9.11	6.99	9.10938px	9.10938px	6.99px	6.99px	[604.2838745117188,166.71148681640625,1034.9881591796875,719.7614135742188]	[1018.8887791796875,703.6620335742188,1027.9981591796875,712.7714135742187]	/tmp/webui-craft-round4-s9.11-i6.99.png	71aa51b1cd7575320757861cde7363d626d29dd0ef9aab5b2fd429725cb3f468	(1991,1359)-(2060,1428)/139/touch=0/min=1/selected=0;(2028,1397)-(2050,1418)/275/touch=0/min=1/selected=1	(2028,1397)-(2050,1418)	20,20
9.11	6.98	9.10938px	9.10938px	6.98px	6.98px	[604.2838745117188,166.71148681640625,1034.9881591796875,719.7614135742188]	[1018.8987791796875,703.6720335742187,1028.0081591796875,712.7814135742187]	/tmp/webui-craft-round4-s9.11-i6.98.png	c69ac2281749f4c53d9e9dcc58eabf6851dd4bd9d348c667e907045357ecf7cc	(1991,1359)-(2060,1428)/139/touch=0/min=1/selected=0;(2028,1397)-(2050,1418)/275/touch=0/min=1/selected=1	(2028,1397)-(2050,1418)	20,20
9.11	6.97	9.10938px	9.10938px	6.97px	6.97px	[604.2838745117188,166.71148681640625,1034.9881591796875,719.7614135742188]	[1018.9087791796875,703.6820335742187,1028.0181591796875,712.7914135742187]	/tmp/webui-craft-round4-s9.11-i6.97.png	c69ac2281749f4c53d9e9dcc58eabf6851dd4bd9d348c667e907045357ecf7cc	(1991,1359)-(2060,1428)/139/touch=0/min=1/selected=0;(2028,1397)-(2050,1418)/275/touch=0/min=1/selected=1	(2028,1397)-(2050,1418)	20,20
9.11	6.96	9.10938px	9.10938px	6.96px	6.96px	[604.2838745117188,166.71148681640625,1034.9881591796875,719.7614135742188]	[1018.9187791796875,703.6920335742187,1028.0281591796875,712.8014135742187]	/tmp/webui-craft-round4-s9.11-i6.96.png	ef88a604aaa758eb8d0030f24dfb38d56eb17ae40110dc257b33ab63fe126e05	(1991,1359)-(2060,1428)/139/touch=0/min=1/selected=0;(2028,1397)-(2050,1418)/275/touch=0/min=1/selected=1	(2028,1397)-(2050,1418)	20,20
9.11	6.94	9.10938px	9.10938px	6.94px	6.94px	[604.2838745117188,166.71148681640625,1034.9881591796875,719.7614135742188]	[1018.9387791796875,703.7120335742187,1028.0481591796874,712.8214135742187]	/tmp/webui-craft-round4-s9.11-i6.94.png	c9da5960236e8c0e6705ae870ffbef1d67d4375f2dc01ee47a6f84171385cbef	(1991,1359)-(2060,1428)/139/touch=0/min=1/selected=0;(2028,1397)-(2050,1418)/275/touch=0/min=1/selected=1	(2028,1397)-(2050,1418)	20,20
9.11	6.93	9.10938px	9.10938px	6.93px	6.93px	[604.2838745117188,166.71148681640625,1034.9881591796875,719.7614135742188]	[1018.9487791796874,703.7220335742188,1028.0581591796874,712.8314135742188]	/tmp/webui-craft-round4-s9.11-i6.93.png	ffd8d781d80d8f6db7ace7c5e9bff9e18ab65d6f11663710fed15c63a28a19f3	(1991,1359)-(2060,1428)/139/touch=0/min=1/selected=0;(2028,1397)-(2050,1418)/275/touch=0/min=1/selected=1	(2028,1397)-(2050,1418)	20,20
9.11	6.91	9.10938px	9.10938px	6.91px	6.91px	[604.2838745117188,166.71148681640625,1034.9881591796875,719.7614135742188]	[1018.9687791796874,703.7420335742188,1028.0781591796874,712.8514135742188]	/tmp/webui-craft-round4-s9.11-i6.91.png	ef003b5e44059f4c93d41cba2b1a99b843d4cc93e8a1d6f4ee7306c8fcbdd458	(1991,1359)-(2060,1428)/139/touch=0/min=1/selected=0;(2028,1397)-(2050,1418)/275/touch=0/min=1/selected=1	(2028,1397)-(2050,1418)	20,20
9.11	6.87	9.10938px	9.10938px	6.87px	6.87px	[604.2838745117188,166.71148681640625,1034.9881591796875,719.7614135742188]	[1019.0087791796876,703.7820335742188,1028.1181591796876,712.8914135742187]	/tmp/webui-craft-round4-s9.11-i6.87.png	67f0e2bec6bf541cb890e55e9f8cfeed18c4633aa51e62b66eeff2a2777d0e81	(1991,1359)-(2060,1428)/139/touch=0/min=1/selected=0;(2029,1397)-(2050,1418)/268/touch=0/min=1/selected=1	(2029,1397)-(2050,1418)	20,20
9.11	6.86	9.10938px	9.10938px	6.86px	6.86px	[604.2838745117188,166.71148681640625,1034.9881591796875,719.7614135742188]	[1019.0187791796876,703.7920335742187,1028.1281591796876,712.9014135742187]	/tmp/webui-craft-round4-s9.11-i6.86.png	67f0e2bec6bf541cb890e55e9f8cfeed18c4633aa51e62b66eeff2a2777d0e81	(1991,1359)-(2060,1428)/139/touch=0/min=1/selected=0;(2029,1397)-(2050,1418)/268/touch=0/min=1/selected=1	(2029,1397)-(2050,1418)	20,20
9.11	6.85	9.10938px	9.10938px	6.85px	6.85px	[604.2838745117188,166.71148681640625,1034.9881591796875,719.7614135742188]	[1019.0287791796876,703.8020335742187,1028.1381591796876,712.9114135742187]	/tmp/webui-craft-round4-s9.11-i6.85.png	263ea7489e7405948fd8f38c87bcc3b57c04d091825f989a51dbacb08af5a917	(1991,1359)-(2060,1428)/139/touch=0/min=1/selected=0;(2029,1397)-(2050,1418)/253/touch=0/min=1/selected=1	(2029,1397)-(2050,1418)	20,20
9.11	6.83	9.10938px	9.10938px	6.83px	6.83px	[604.2838745117188,166.71148681640625,1034.9881591796875,719.7614135742188]	[1019.0487791796876,703.8220335742187,1028.1581591796876,712.9314135742187]	/tmp/webui-craft-round4-s9.11-i6.83.png	ede59797479af22801a69be5fe2fbc83b110eeac875b62dda9f39911b969ea27	(1991,1359)-(2060,1428)/139/touch=0/min=1/selected=0;(2029,1397)-(2050,1418)/253/touch=0/min=1/selected=1	(2029,1397)-(2050,1418)	20,20
9.11	6.82	9.10938px	9.10938px	6.82px	6.82px	[604.2838745117188,166.71148681640625,1034.9881591796875,719.7614135742188]	[1019.0587791796876,703.8320335742187,1028.1681591796876,712.9414135742187]	/tmp/webui-craft-round4-s9.11-i6.82.png	1951b56fc09d5127e902f591f9119fd32f3404eee3969c47166d33d97686ae50	(1991,1359)-(2060,1428)/139/touch=0/min=1/selected=0;(2029,1397)-(2050,1418)/253/touch=0/min=1/selected=1	(2029,1397)-(2050,1418)	20,20
9.11	6.81	9.10938px	9.10938px	6.81px	6.81px	[604.2838745117188,166.71148681640625,1034.9881591796875,719.7614135742188]	[1019.0687791796876,703.8420335742188,1028.1781591796876,712.9514135742188]	/tmp/webui-craft-round4-s9.11-i6.81.png	e1dc75fa69d0ffe4f90d005edb357cf831d95dd6cca7b713f50d0a5390c61cb0	(1991,1359)-(2060,1428)/139/touch=0/min=1/selected=0;(2029,1397)-(2050,1418)/253/touch=0/min=1/selected=1	(2029,1397)-(2050,1418)	20,20
9.11	6.69	9.10938px	9.10938px	6.69px	6.69px	[604.2838745117188,166.71148681640625,1034.9881591796875,719.7614135742188]	[1019.1887791796875,703.9620335742187,1028.2981591796874,713.0714135742187]	/tmp/webui-craft-round4-s9.11-i6.69.png	7a6730aff2de9ccba2005888cf7fe3beae40475f08e5fc8030c10402270d0fd8	(1991,1359)-(2060,1428)/139/touch=0/min=1/selected=0;(2029,1397)-(2050,1418)/253/touch=0/min=1/selected=1	(2029,1397)-(2050,1418)	20,20
9.11	6.68	9.10938px	9.10938px	6.68px	6.68px	[604.2838745117188,166.71148681640625,1034.9881591796875,719.7614135742188]	[1019.1987791796874,703.9720335742188,1028.3081591796874,713.0814135742188]	/tmp/webui-craft-round4-s9.11-i6.68.png	914dc60e0caea3766eae95ec12a456e19b28b0640d704eb5a9e4243c7c737f1b	(1991,1359)-(2060,1428)/139/touch=0/min=1/selected=0;(2029,1398)-(2050,1418)/249/touch=0/min=1/selected=1	(2029,1398)-(2050,1418)	20,20
9.11	6.62	9.10938px	9.10938px	6.62px	6.62px	[604.2838745117188,166.71148681640625,1034.9881591796875,719.7614135742188]	[1019.2587791796876,704.0320335742188,1028.3681591796876,713.1414135742187]	/tmp/webui-craft-round4-s9.11-i6.62.png	3c48566310b79c428dd693060a435e00e80daa1692d899617e6400c3d9af2ab8	(1991,1359)-(2060,1428)/139/touch=0/min=1/selected=0;(2030,1398)-(2050,1418)/231/touch=0/min=1/selected=1	(2030,1398)-(2050,1418)	20,20
9.11	6.50	9.10938px	9.10938px	6.5px	6.5px	[604.2838745117188,166.71148681640625,1034.9881591796875,719.7614135742188]	[1019.3787791796875,704.1520335742188,1028.4881591796875,713.2614135742188]	/tmp/webui-craft-round4-s9.11-i6.50.png	3090f3764f01ae7f17df61d0e3687bbdbbc32b96c24bb0b5acf1c69a5b2b0cd5	(1991,1359)-(2060,1428)/139/touch=0/min=1/selected=0;(2030,1398)-(2050,1418)/231/touch=0/min=1/selected=1	(2030,1398)-(2050,1418)	20,20
9.13	7.00	9.125px	9.125px	7px	7px	[604.2838745117188,166.71148681640625,1034.9881591796875,719.7614135742188]	[1018.8631591796875,703.6364135742188,1027.9881591796875,712.7614135742188]	/tmp/webui-craft-round4-s9.13-i7.00.png	7dff7fe80d544abbe6401853dea4163a28380b178939fbe9581e63b5a11e1c0d	(1991,1359)-(2060,1428)/139/touch=0/min=1/selected=0;(2028,1397)-(2050,1418)/269/touch=0/min=1/selected=1	(2028,1397)-(2050,1418)	20,20
9.13	6.99	9.125px	9.125px	6.99px	6.99px	[604.2838745117188,166.71148681640625,1034.9881591796875,719.7614135742188]	[1018.8731591796875,703.6464135742187,1027.9981591796875,712.7714135742187]	/tmp/webui-craft-round4-s9.13-i6.99.png	a5a1047e451125abd5e8ae5475de6c0c060cabf65ac33b5eb32eac16806cbfe0	(1991,1359)-(2060,1428)/139/touch=0/min=1/selected=0;(2028,1397)-(2050,1418)/275/touch=0/min=1/selected=1	(2028,1397)-(2050,1418)	20,20
9.13	6.98	9.125px	9.125px	6.98px	6.98px	[604.2838745117188,166.71148681640625,1034.9881591796875,719.7614135742188]	[1018.8831591796875,703.6564135742187,1028.0081591796875,712.7814135742187]	/tmp/webui-craft-round4-s9.13-i6.98.png	70ac418d16d6ddfbb218fa20629bed4dd550db1101ec67f501f52b4921cfbc2a	(1991,1359)-(2060,1428)/139/touch=0/min=1/selected=0;(2028,1397)-(2050,1418)/275/touch=0/min=1/selected=1	(2028,1397)-(2050,1418)	20,20
9.13	6.97	9.125px	9.125px	6.97px	6.97px	[604.2838745117188,166.71148681640625,1034.9881591796875,719.7614135742188]	[1018.8931591796875,703.6664135742187,1028.0181591796875,712.7914135742187]	/tmp/webui-craft-round4-s9.13-i6.97.png	70ac418d16d6ddfbb218fa20629bed4dd550db1101ec67f501f52b4921cfbc2a	(1991,1359)-(2060,1428)/139/touch=0/min=1/selected=0;(2028,1397)-(2050,1418)/275/touch=0/min=1/selected=1	(2028,1397)-(2050,1418)	20,20
9.13	6.96	9.125px	9.125px	6.96px	6.96px	[604.2838745117188,166.71148681640625,1034.9881591796875,719.7614135742188]	[1018.9031591796875,703.6764135742187,1028.0281591796875,712.8014135742187]	/tmp/webui-craft-round4-s9.13-i6.96.png	5c01e1b799d469239b85b90f8becae5a362ffddd098ed348bb36e372a5c0c2d9	(1991,1359)-(2060,1428)/139/touch=0/min=1/selected=0;(2028,1397)-(2050,1418)/275/touch=0/min=1/selected=1	(2028,1397)-(2050,1418)	20,20
9.13	6.94	9.125px	9.125px	6.94px	6.94px	[604.2838745117188,166.71148681640625,1034.9881591796875,719.7614135742188]	[1018.9231591796874,703.6964135742187,1028.0481591796874,712.8214135742187]	/tmp/webui-craft-round4-s9.13-i6.94.png	d77de11944df0553c78e0a449c27ccc7d25f29cb46e1a6a283387a20d3db90bd	(1991,1359)-(2060,1428)/139/touch=0/min=1/selected=0;(2028,1397)-(2050,1418)/275/touch=0/min=1/selected=1	(2028,1397)-(2050,1418)	20,20
9.13	6.93	9.125px	9.125px	6.93px	6.93px	[604.2838745117188,166.71148681640625,1034.9881591796875,719.7614135742188]	[1018.9331591796874,703.7064135742188,1028.0581591796874,712.8314135742188]	/tmp/webui-craft-round4-s9.13-i6.93.png	92d7ab844463a77fcfac5eb3acbea58118b9e8f045c7a60d7a3ef0c8b81b5d96	(1991,1359)-(2060,1428)/139/touch=0/min=1/selected=0;(2028,1397)-(2050,1418)/275/touch=0/min=1/selected=1	(2028,1397)-(2050,1418)	20,20
9.13	6.91	9.125px	9.125px	6.91px	6.91px	[604.2838745117188,166.71148681640625,1034.9881591796875,719.7614135742188]	[1018.9531591796874,703.7264135742188,1028.0781591796874,712.8514135742188]	/tmp/webui-craft-round4-s9.13-i6.91.png	18ddabdc4aef7f489d4184ff357e0f7762dd90faad272ebe0899eb393d1fe463	(1991,1359)-(2060,1428)/139/touch=0/min=1/selected=0;(2028,1397)-(2050,1418)/275/touch=0/min=1/selected=1	(2028,1397)-(2050,1418)	20,20
9.13	6.87	9.125px	9.125px	6.87px	6.87px	[604.2838745117188,166.71148681640625,1034.9881591796875,719.7614135742188]	[1018.9931591796876,703.7664135742187,1028.1181591796876,712.8914135742187]	/tmp/webui-craft-round4-s9.13-i6.87.png	061a1e3f5d209eadfd38884d0f14e95ac252726b7bc8aedb374ed26752ff104b	(1991,1359)-(2060,1428)/139/touch=0/min=1/selected=0;(2028,1397)-(2050,1418)/270/touch=0/min=1/selected=1	(2028,1397)-(2050,1418)	20,20
9.13	6.86	9.125px	9.125px	6.86px	6.86px	[604.2838745117188,166.71148681640625,1034.9881591796875,719.7614135742188]	[1019.0031591796876,703.7764135742187,1028.1281591796876,712.9014135742187]	/tmp/webui-craft-round4-s9.13-i6.86.png	061a1e3f5d209eadfd38884d0f14e95ac252726b7bc8aedb374ed26752ff104b	(1991,1359)-(2060,1428)/139/touch=0/min=1/selected=0;(2028,1397)-(2050,1418)/270/touch=0/min=1/selected=1	(2028,1397)-(2050,1418)	20,20
9.13	6.85	9.125px	9.125px	6.85px	6.85px	[604.2838745117188,166.71148681640625,1034.9881591796875,719.7614135742188]	[1019.0131591796876,703.7864135742187,1028.1381591796876,712.9114135742187]	/tmp/webui-craft-round4-s9.13-i6.85.png	384aaceca6757739d42decd7b6282925e1801a8263ec436fa8e20448e44f8a44	(1991,1359)-(2060,1428)/139/touch=0/min=1/selected=0;(2029,1397)-(2050,1418)/265/touch=0/min=1/selected=1	(2029,1397)-(2050,1418)	20,20
9.13	6.83	9.125px	9.125px	6.83px	6.83px	[604.2838745117188,166.71148681640625,1034.9881591796875,719.7614135742188]	[1019.0331591796876,703.8064135742187,1028.1581591796876,712.9314135742187]	/tmp/webui-craft-round4-s9.13-i6.83.png	893d4c7e8018687c6d50b45b9e4627cad90753ddedf6cdaab355c350a775bf62	(1991,1359)-(2060,1428)/139/touch=0/min=1/selected=0;(2029,1397)-(2050,1418)/253/touch=0/min=1/selected=1	(2029,1397)-(2050,1418)	20,20
9.13	6.82	9.125px	9.125px	6.82px	6.82px	[604.2838745117188,166.71148681640625,1034.9881591796875,719.7614135742188]	[1019.0431591796876,703.8164135742187,1028.1681591796876,712.9414135742187]	/tmp/webui-craft-round4-s9.13-i6.82.png	e74aaf30a1521400723aab6232990304f7204de6c6d7e3aed6fab52e10be1259	(1991,1359)-(2060,1428)/139/touch=0/min=1/selected=0;(2029,1397)-(2050,1418)/253/touch=0/min=1/selected=1	(2029,1397)-(2050,1418)	20,20
9.13	6.81	9.125px	9.125px	6.81px	6.81px	[604.2838745117188,166.71148681640625,1034.9881591796875,719.7614135742188]	[1019.0531591796876,703.8264135742188,1028.1781591796876,712.9514135742188]	/tmp/webui-craft-round4-s9.13-i6.81.png	c10a4898cd689edb1dd8bb5bc88730db99d19cef40784105c2e7954e093271ff	(1991,1359)-(2060,1428)/139/touch=0/min=1/selected=0;(2029,1397)-(2050,1418)/253/touch=0/min=1/selected=1	(2029,1397)-(2050,1418)	20,20
9.13	6.69	9.125px	9.125px	6.69px	6.69px	[604.2838745117188,166.71148681640625,1034.9881591796875,719.7614135742188]	[1019.1731591796874,703.9464135742187,1028.2981591796874,713.0714135742187]	/tmp/webui-craft-round4-s9.13-i6.69.png	19fc6317267a494782fd13ec0bb7f58f45dc3368d5894098c84b30fbe795c7a8	(1991,1359)-(2060,1428)/139/touch=0/min=1/selected=0;(2029,1397)-(2050,1418)/253/touch=0/min=1/selected=1	(2029,1397)-(2050,1418)	20,20
9.13	6.68	9.125px	9.125px	6.68px	6.68px	[604.2838745117188,166.71148681640625,1034.9881591796875,719.7614135742188]	[1019.1831591796874,703.9564135742188,1028.3081591796874,713.0814135742188]	/tmp/webui-craft-round4-s9.13-i6.68.png	d0f3108f1d61b1944750139cc10837ec3a0c4a56e40c98a0975a5eb4ffa4b5c2	(1991,1359)-(2060,1428)/139/touch=0/min=1/selected=0;(2029,1397)-(2050,1418)/253/touch=0/min=1/selected=1	(2029,1397)-(2050,1418)	20,20
9.13	6.62	9.125px	9.125px	6.62px	6.62px	[604.2838745117188,166.71148681640625,1034.9881591796875,719.7614135742188]	[1019.2431591796876,704.0164135742187,1028.3681591796876,713.1414135742187]	/tmp/webui-craft-round4-s9.13-i6.62.png	d9133b3ce58a5dbcbb38a2878866575200d22974cf4dd6b3974468da252b8d66	(1991,1359)-(2060,1428)/139/touch=0/min=1/selected=0;(2030,1398)-(2050,1418)/231/touch=0/min=1/selected=1	(2030,1398)-(2050,1418)	20,20
9.13	6.50	9.125px	9.125px	6.5px	6.5px	[604.2838745117188,166.71148681640625,1034.9881591796875,719.7614135742188]	[1019.3631591796875,704.1364135742188,1028.4881591796875,713.2614135742188]	/tmp/webui-craft-round4-s9.13-i6.50.png	4f1777a193f439618a5d6d7ae8138beb66e51edecca71ed23aa37f8bbe03dac0	(1991,1359)-(2060,1428)/139/touch=0/min=1/selected=0;(2030,1398)-(2050,1418)/231/touch=0/min=1/selected=1	(2030,1398)-(2050,1418)	20,20
9.15	7.00	9.14062px	9.14062px	7px	7px	[604.2838745117188,166.71148681640625,1034.9881591796875,719.7614135742188]	[1018.8475391796875,703.6207935742187,1027.9881591796875,712.7614135742188]	/tmp/webui-craft-round4-s9.15-i7.00.png	33da254cae80e809551d76370f67a65f4e5576a8f7a121a8d0ac7aae5492a472	(1991,1359)-(2060,1428)/139/touch=0/min=1/selected=0;(2028,1397)-(2050,1418)/269/touch=0/min=1/selected=1	(2028,1397)-(2050,1418)	20,20
9.15	6.99	9.14062px	9.14062px	6.99px	6.99px	[604.2838745117188,166.71148681640625,1034.9881591796875,719.7614135742188]	[1018.8575391796875,703.6307935742187,1027.9981591796875,712.7714135742187]	/tmp/webui-craft-round4-s9.15-i6.99.png	03b37e70229604a81eb4632be2cd7ac81ae679f581b68de26cd9ffc917e4f973	(1991,1359)-(2060,1428)/139/touch=0/min=1/selected=0;(2028,1397)-(2050,1418)/275/touch=0/min=1/selected=1	(2028,1397)-(2050,1418)	20,20
9.15	6.98	9.14062px	9.14062px	6.98px	6.98px	[604.2838745117188,166.71148681640625,1034.9881591796875,719.7614135742188]	[1018.8675391796875,703.6407935742187,1028.0081591796875,712.7814135742187]	/tmp/webui-craft-round4-s9.15-i6.98.png	6e82492cf25317143ac4ac9323865167201a9b1f716c6de2959ef15054a29427	(1991,1359)-(2060,1428)/139/touch=0/min=1/selected=0;(2028,1397)-(2050,1418)/275/touch=0/min=1/selected=1	(2028,1397)-(2050,1418)	20,20
9.15	6.97	9.14062px	9.14062px	6.97px	6.97px	[604.2838745117188,166.71148681640625,1034.9881591796875,719.7614135742188]	[1018.8775391796875,703.6507935742187,1028.0181591796875,712.7914135742187]	/tmp/webui-craft-round4-s9.15-i6.97.png	6e82492cf25317143ac4ac9323865167201a9b1f716c6de2959ef15054a29427	(1991,1359)-(2060,1428)/139/touch=0/min=1/selected=0;(2028,1397)-(2050,1418)/275/touch=0/min=1/selected=1	(2028,1397)-(2050,1418)	20,20
9.15	6.96	9.14062px	9.14062px	6.96px	6.96px	[604.2838745117188,166.71148681640625,1034.9881591796875,719.7614135742188]	[1018.8875391796875,703.6607935742187,1028.0281591796875,712.8014135742187]	/tmp/webui-craft-round4-s9.15-i6.96.png	bc6369746b431230d6f5127219b68e2fc65b7b318400e6c50818b67d34834f40	(1991,1359)-(2060,1428)/139/touch=0/min=1/selected=0;(2028,1397)-(2050,1418)/275/touch=0/min=1/selected=1	(2028,1397)-(2050,1418)	20,20
9.15	6.94	9.14062px	9.14062px	6.94px	6.94px	[604.2838745117188,166.71148681640625,1034.9881591796875,719.7614135742188]	[1018.9075391796874,703.6807935742187,1028.0481591796874,712.8214135742187]	/tmp/webui-craft-round4-s9.15-i6.94.png	54caaeec2e12f31f6cd73f08b6bb261bae5c2098cf5484a407b0dc84ec721c53	(1991,1359)-(2060,1428)/139/touch=0/min=1/selected=0;(2028,1397)-(2050,1418)/275/touch=0/min=1/selected=1	(2028,1397)-(2050,1418)	20,20
9.15	6.93	9.14062px	9.14062px	6.93px	6.93px	[604.2838745117188,166.71148681640625,1034.9881591796875,719.7614135742188]	[1018.9175391796874,703.6907935742188,1028.0581591796874,712.8314135742188]	/tmp/webui-craft-round4-s9.15-i6.93.png	c88960a2a5e28b2d8d8f384b5b36a770bbdce886a61b6ca72f8538476cbe17c3	(1991,1359)-(2060,1428)/139/touch=0/min=1/selected=0;(2028,1397)-(2050,1418)/275/touch=0/min=1/selected=1	(2028,1397)-(2050,1418)	20,20
9.15	6.91	9.14062px	9.14062px	6.91px	6.91px	[604.2838745117188,166.71148681640625,1034.9881591796875,719.7614135742188]	[1018.9375391796874,703.7107935742188,1028.0781591796874,712.8514135742188]	/tmp/webui-craft-round4-s9.15-i6.91.png	8333f989efd1765efcbc8f21e810ba899dccbfac9e7e30a967b8ca546a75c7f1	(1991,1359)-(2060,1428)/139/touch=0/min=1/selected=0;(2028,1397)-(2050,1418)/275/touch=0/min=1/selected=1	(2028,1397)-(2050,1418)	20,20
9.15	6.87	9.14062px	9.14062px	6.87px	6.87px	[604.2838745117188,166.71148681640625,1034.9881591796875,719.7614135742188]	[1018.9775391796876,703.7507935742187,1028.1181591796876,712.8914135742187]	/tmp/webui-craft-round4-s9.15-i6.87.png	86cb07146d8a751156a6388ecf98b9b9ab2d2fa36e8a644d0313a877b0fa5343	(1991,1359)-(2060,1428)/139/touch=0/min=1/selected=0;(2028,1397)-(2050,1418)/275/touch=0/min=1/selected=1	(2028,1397)-(2050,1418)	20,20
9.15	6.86	9.14062px	9.14062px	6.86px	6.86px	[604.2838745117188,166.71148681640625,1034.9881591796875,719.7614135742188]	[1018.9875391796876,703.7607935742187,1028.1281591796876,712.9014135742187]	/tmp/webui-craft-round4-s9.15-i6.86.png	86cb07146d8a751156a6388ecf98b9b9ab2d2fa36e8a644d0313a877b0fa5343	(1991,1359)-(2060,1428)/139/touch=0/min=1/selected=0;(2028,1397)-(2050,1418)/275/touch=0/min=1/selected=1	(2028,1397)-(2050,1418)	20,20
9.15	6.85	9.14062px	9.14062px	6.85px	6.85px	[604.2838745117188,166.71148681640625,1034.9881591796875,719.7614135742188]	[1018.9975391796876,703.7707935742187,1028.1381591796876,712.9114135742187]	/tmp/webui-craft-round4-s9.15-i6.85.png	6830b947db1f931d1d6275f3acd91a53e2c847470e8b4e9ff283eaef84ae7c5a	(1991,1359)-(2060,1428)/139/touch=0/min=1/selected=0;(2028,1397)-(2050,1418)/267/touch=0/min=1/selected=1	(2028,1397)-(2050,1418)	20,20
9.15	6.83	9.14062px	9.14062px	6.83px	6.83px	[604.2838745117188,166.71148681640625,1034.9881591796875,719.7614135742188]	[1019.0175391796876,703.7907935742187,1028.1581591796876,712.9314135742187]	/tmp/webui-craft-round4-s9.15-i6.83.png	a33259c976282a1ab87c01140628d095db37e9be17e9352770fd99bd3308eefc	(1991,1359)-(2060,1428)/139/touch=0/min=1/selected=0;(2029,1397)-(2050,1418)/253/touch=0/min=1/selected=1	(2029,1397)-(2050,1418)	20,20
9.15	6.82	9.14062px	9.14062px	6.82px	6.82px	[604.2838745117188,166.71148681640625,1034.9881591796875,719.7614135742188]	[1019.0275391796876,703.8007935742187,1028.1681591796876,712.9414135742187]	/tmp/webui-craft-round4-s9.15-i6.82.png	0111ee264df476e98344449a0185f7ae788e2755d3ee7f039ec024adb6e5d654	(1991,1359)-(2060,1428)/139/touch=0/min=1/selected=0;(2029,1397)-(2050,1418)/253/touch=0/min=1/selected=1	(2029,1397)-(2050,1418)	20,20
9.15	6.81	9.14062px	9.14062px	6.81px	6.81px	[604.2838745117188,166.71148681640625,1034.9881591796875,719.7614135742188]	[1019.0375391796875,703.8107935742188,1028.1781591796876,712.9514135742188]	/tmp/webui-craft-round4-s9.15-i6.81.png	14ad6e7490b6c81338b5d5a51cdc1f5744aa7dc0e837530dc0cce0d12e8e472d	(1991,1359)-(2060,1428)/139/touch=0/min=1/selected=0;(2029,1397)-(2050,1418)/253/touch=0/min=1/selected=1	(2029,1397)-(2050,1418)	20,20
9.15	6.69	9.14062px	9.14062px	6.69px	6.69px	[604.2838745117188,166.71148681640625,1034.9881591796875,719.7614135742188]	[1019.1575391796874,703.9307935742187,1028.2981591796874,713.0714135742187]	/tmp/webui-craft-round4-s9.15-i6.69.png	6c7805b0b2c2fb3be1de72f353533cb2296bbc78cb41ef0f6e33c65a03c8b851	(1991,1359)-(2060,1428)/139/touch=0/min=1/selected=0;(2029,1397)-(2050,1418)/253/touch=0/min=1/selected=1	(2029,1397)-(2050,1418)	20,20
9.15	6.68	9.14062px	9.14062px	6.68px	6.68px	[604.2838745117188,166.71148681640625,1034.9881591796875,719.7614135742188]	[1019.1675391796874,703.9407935742188,1028.3081591796874,713.0814135742188]	/tmp/webui-craft-round4-s9.15-i6.68.png	47a2f526cb09deec5ca2c3fb7bb469bd248a15f901e1d8471d4a0500d90b0e8c	(1991,1359)-(2060,1428)/139/touch=0/min=1/selected=0;(2029,1397)-(2050,1418)/253/touch=0/min=1/selected=1	(2029,1397)-(2050,1418)	20,20
9.15	6.62	9.14062px	9.14062px	6.62px	6.62px	[604.2838745117188,166.71148681640625,1034.9881591796875,719.7614135742188]	[1019.2275391796876,704.0007935742187,1028.3681591796876,713.1414135742187]	/tmp/webui-craft-round4-s9.15-i6.62.png	9ff404ec54d1ef8b30b6702eb01c97075743f3ee0c03fc47c96ad5dcd5c1d4fa	(1991,1359)-(2060,1428)/139/touch=0/min=1/selected=0;(2030,1398)-(2050,1418)/231/touch=0/min=1/selected=1	(2030,1398)-(2050,1418)	20,20
9.15	6.50	9.14062px	9.14062px	6.5px	6.5px	[604.2838745117188,166.71148681640625,1034.9881591796875,719.7614135742188]	[1019.3475391796875,704.1207935742187,1028.4881591796875,713.2614135742188]	/tmp/webui-craft-round4-s9.15-i6.50.png	f727a90f82c61268d311216bd23228fb7a93d223ce77e4326e0ef9838fb1a7cd	(1991,1359)-(2060,1428)/139/touch=0/min=1/selected=0;(2030,1398)-(2050,1418)/231/touch=0/min=1/selected=1	(2030,1398)-(2050,1418)	20,20
9.16	7.00	9.15625px	9.15625px	7px	7px	[604.2838745117188,166.71148681640625,1034.9881591796875,719.7614135742188]	[1018.8319091796875,703.6051635742188,1027.9881591796875,712.7614135742188]	/tmp/webui-craft-round4-s9.16-i7.00.png	1638ffb106f0bd7b29a62452d1ce8dce295842068aa6dc0b83973f28086d191d	(1991,1359)-(2060,1428)/139/touch=0/min=1/selected=0;(2028,1397)-(2050,1418)/269/touch=0/min=1/selected=1	(2028,1397)-(2050,1418)	20,20
9.16	6.99	9.15625px	9.15625px	6.99px	6.99px	[604.2838745117188,166.71148681640625,1034.9881591796875,719.7614135742188]	[1018.8419091796875,703.6151635742187,1027.9981591796875,712.7714135742187]	/tmp/webui-craft-round4-s9.16-i6.99.png	22ef0e4ec7159b4e845d9560e7aa380d3ea208b131a460d539659c330c40fe8f	(1991,1359)-(2060,1428)/139/touch=0/min=1/selected=0;(2028,1397)-(2050,1418)/275/touch=0/min=1/selected=1	(2028,1397)-(2050,1418)	20,20
9.16	6.98	9.15625px	9.15625px	6.98px	6.98px	[604.2838745117188,166.71148681640625,1034.9881591796875,719.7614135742188]	[1018.8519091796875,703.6251635742187,1028.0081591796875,712.7814135742187]	/tmp/webui-craft-round4-s9.16-i6.98.png	1151fffc452cbfc3692cd7133b5363c165f84cdb5cdc147d56739071e3bb8e18	(1991,1359)-(2060,1428)/139/touch=0/min=1/selected=0;(2028,1397)-(2050,1418)/275/touch=0/min=1/selected=1	(2028,1397)-(2050,1418)	20,20
9.16	6.97	9.15625px	9.15625px	6.97px	6.97px	[604.2838745117188,166.71148681640625,1034.9881591796875,719.7614135742188]	[1018.8619091796875,703.6351635742187,1028.0181591796875,712.7914135742187]	/tmp/webui-craft-round4-s9.16-i6.97.png	1151fffc452cbfc3692cd7133b5363c165f84cdb5cdc147d56739071e3bb8e18	(1991,1359)-(2060,1428)/139/touch=0/min=1/selected=0;(2028,1397)-(2050,1418)/275/touch=0/min=1/selected=1	(2028,1397)-(2050,1418)	20,20
9.16	6.96	9.15625px	9.15625px	6.96px	6.96px	[604.2838745117188,166.71148681640625,1034.9881591796875,719.7614135742188]	[1018.8719091796875,703.6451635742187,1028.0281591796875,712.8014135742187]	/tmp/webui-craft-round4-s9.16-i6.96.png	8ba66f260b3cb9188d38c2c77dd10b635c924af2cea2b75d1592a2720a250754	(1991,1359)-(2060,1428)/139/touch=0/min=1/selected=0;(2028,1397)-(2050,1418)/275/touch=0/min=1/selected=1	(2028,1397)-(2050,1418)	20,20
9.16	6.94	9.15625px	9.15625px	6.94px	6.94px	[604.2838745117188,166.71148681640625,1034.9881591796875,719.7614135742188]	[1018.8919091796874,703.6651635742187,1028.0481591796874,712.8214135742187]	/tmp/webui-craft-round4-s9.16-i6.94.png	6e5b112897f25cc442387a93b4a034aed0e86c94ec9c994fa8376a74b9e3c62e	(1991,1359)-(2060,1428)/139/touch=0/min=1/selected=0;(2028,1397)-(2050,1418)/275/touch=0/min=1/selected=1	(2028,1397)-(2050,1418)	20,20
9.16	6.93	9.15625px	9.15625px	6.93px	6.93px	[604.2838745117188,166.71148681640625,1034.9881591796875,719.7614135742188]	[1018.9019091796874,703.6751635742188,1028.0581591796874,712.8314135742188]	/tmp/webui-craft-round4-s9.16-i6.93.png	8758b274f5040c998a57fd232b50a6c3dfc2c51cee0d2de5f660e1a0e06a6b93	(1991,1359)-(2060,1428)/139/touch=0/min=1/selected=0;(2028,1397)-(2050,1418)/275/touch=0/min=1/selected=1	(2028,1397)-(2050,1418)	20,20
9.16	6.91	9.15625px	9.15625px	6.91px	6.91px	[604.2838745117188,166.71148681640625,1034.9881591796875,719.7614135742188]	[1018.9219091796874,703.6951635742188,1028.0781591796874,712.8514135742188]	/tmp/webui-craft-round4-s9.16-i6.91.png	537333f9a77c7d8788e814626fced2766e40ff396c2bfdbda4d0288aedba6cf9	(1991,1359)-(2060,1428)/139/touch=0/min=1/selected=0;(2028,1397)-(2050,1418)/275/touch=0/min=1/selected=1	(2028,1397)-(2050,1418)	20,20
9.16	6.87	9.15625px	9.15625px	6.87px	6.87px	[604.2838745117188,166.71148681640625,1034.9881591796875,719.7614135742188]	[1018.9619091796876,703.7351635742187,1028.1181591796876,712.8914135742187]	/tmp/webui-craft-round4-s9.16-i6.87.png	86cb07146d8a751156a6388ecf98b9b9ab2d2fa36e8a644d0313a877b0fa5343	(1991,1359)-(2060,1428)/139/touch=0/min=1/selected=0;(2028,1397)-(2050,1418)/275/touch=0/min=1/selected=1	(2028,1397)-(2050,1418)	20,20
9.16	6.86	9.15625px	9.15625px	6.86px	6.86px	[604.2838745117188,166.71148681640625,1034.9881591796875,719.7614135742188]	[1018.9719091796876,703.7451635742187,1028.1281591796876,712.9014135742187]	/tmp/webui-craft-round4-s9.16-i6.86.png	86cb07146d8a751156a6388ecf98b9b9ab2d2fa36e8a644d0313a877b0fa5343	(1991,1359)-(2060,1428)/139/touch=0/min=1/selected=0;(2028,1397)-(2050,1418)/275/touch=0/min=1/selected=1	(2028,1397)-(2050,1418)	20,20
9.16	6.85	9.15625px	9.15625px	6.85px	6.85px	[604.2838745117188,166.71148681640625,1034.9881591796875,719.7614135742188]	[1018.9819091796876,703.7551635742187,1028.1381591796876,712.9114135742187]	/tmp/webui-craft-round4-s9.16-i6.85.png	32d529098bddb3745fad66fc62be3099f5053b11d2f9ca1232231d9fbca1b003	(1991,1359)-(2060,1428)/139/touch=0/min=1/selected=0;(2028,1397)-(2050,1418)/275/touch=0/min=1/selected=1	(2028,1397)-(2050,1418)	20,20
9.16	6.83	9.15625px	9.15625px	6.83px	6.83px	[604.2838745117188,166.71148681640625,1034.9881591796875,719.7614135742188]	[1019.0019091796876,703.7751635742187,1028.1581591796876,712.9314135742187]	/tmp/webui-craft-round4-s9.16-i6.83.png	05a8f17d707788634f8134ce9e381ba9ebd25d2e9c40c1d55be8e11abe88b14b	(1991,1359)-(2060,1428)/139/touch=0/min=1/selected=0;(2028,1397)-(2050,1418)/266/touch=0/min=1/selected=1	(2028,1397)-(2050,1418)	20,20
9.16	6.82	9.15625px	9.15625px	6.82px	6.82px	[604.2838745117188,166.71148681640625,1034.9881591796875,719.7614135742188]	[1019.0119091796876,703.7851635742187,1028.1681591796876,712.9414135742187]	/tmp/webui-craft-round4-s9.16-i6.82.png	61ad961d30f02125c38782423451cd8f2bb36687469a44a0e3d1bbd37f10aa84	(1991,1359)-(2060,1428)/139/touch=0/min=1/selected=0;(2029,1397)-(2050,1418)/253/touch=0/min=1/selected=1	(2029,1397)-(2050,1418)	20,20
9.16	6.81	9.15625px	9.15625px	6.81px	6.81px	[604.2838745117188,166.71148681640625,1034.9881591796875,719.7614135742188]	[1019.0219091796876,703.7951635742188,1028.1781591796876,712.9514135742188]	/tmp/webui-craft-round4-s9.16-i6.81.png	9b4ab2dec6f409cbe8a746f55dd5760a77b33cfdbdb77a35fa2d418c3cc7661b	(1991,1359)-(2060,1428)/139/touch=0/min=1/selected=0;(2029,1397)-(2050,1418)/253/touch=0/min=1/selected=1	(2029,1397)-(2050,1418)	20,20
9.16	6.69	9.15625px	9.15625px	6.69px	6.69px	[604.2838745117188,166.71148681640625,1034.9881591796875,719.7614135742188]	[1019.1419091796874,703.9151635742187,1028.2981591796874,713.0714135742187]	/tmp/webui-craft-round4-s9.16-i6.69.png	6e6479fb65f7517f2aff547da432517dfa6f4c30d880590db608b9ffbc7bcf3c	(1991,1359)-(2060,1428)/139/touch=0/min=1/selected=0;(2029,1397)-(2050,1418)/253/touch=0/min=1/selected=1	(2029,1397)-(2050,1418)	20,20
9.16	6.68	9.15625px	9.15625px	6.68px	6.68px	[604.2838745117188,166.71148681640625,1034.9881591796875,719.7614135742188]	[1019.1519091796874,703.9251635742188,1028.3081591796874,713.0814135742188]	/tmp/webui-craft-round4-s9.16-i6.68.png	47a2f526cb09deec5ca2c3fb7bb469bd248a15f901e1d8471d4a0500d90b0e8c	(1991,1359)-(2060,1428)/139/touch=0/min=1/selected=0;(2029,1397)-(2050,1418)/253/touch=0/min=1/selected=1	(2029,1397)-(2050,1418)	20,20
9.16	6.62	9.15625px	9.15625px	6.62px	6.62px	[604.2838745117188,166.71148681640625,1034.9881591796875,719.7614135742188]	[1019.2119091796876,703.9851635742187,1028.3681591796876,713.1414135742187]	/tmp/webui-craft-round4-s9.16-i6.62.png	3896d4d0546683cd0deaae561a2bd9a9a43dadcd88aa1d7cdaa4a47611eb8fff	(1991,1359)-(2060,1428)/139/touch=0/min=1/selected=0;(2030,1398)-(2050,1418)/231/touch=0/min=1/selected=1	(2030,1398)-(2050,1418)	20,20
9.16	6.50	9.15625px	9.15625px	6.5px	6.5px	[604.2838745117188,166.71148681640625,1034.9881591796875,719.7614135742188]	[1019.3319091796875,704.1051635742188,1028.4881591796875,713.2614135742188]	/tmp/webui-craft-round4-s9.16-i6.50.png	77bc35fd7311ff604b780dd79e437430a71a419a68215f3e1a6766021d501fe2	(1991,1359)-(2060,1428)/139/touch=0/min=1/selected=0;(2030,1398)-(2050,1418)/231/touch=0/min=1/selected=1	(2030,1398)-(2050,1418)	20,20
9.18	7.00	9.17188px	9.17188px	7px	7px	[604.2838745117188,166.71148681640625,1034.9881591796875,719.7614135742188]	[1018.8162791796875,703.5895335742188,1027.9881591796875,712.7614135742188]	/tmp/webui-craft-round4-s9.18-i7.00.png	6c61d9b491321b7dc3ec1e2c91c8b86316f059b3de10dfe12dffd6c7a55a6887	(1991,1359)-(2060,1428)/139/touch=0/min=1/selected=0;(2028,1397)-(2050,1418)/269/touch=0/min=1/selected=1	(2028,1397)-(2050,1418)	20,20
9.18	6.99	9.17188px	9.17188px	6.99px	6.99px	[604.2838745117188,166.71148681640625,1034.9881591796875,719.7614135742188]	[1018.8262791796875,703.5995335742188,1027.9981591796875,712.7714135742187]	/tmp/webui-craft-round4-s9.18-i6.99.png	ddf77e68cb2a845d90a5b4a4f37737614029ca215710cf1bf5c254cc0a513dde	(1991,1359)-(2060,1428)/139/touch=0/min=1/selected=0;(2028,1397)-(2050,1418)/275/touch=0/min=1/selected=1	(2028,1397)-(2050,1418)	20,20
9.18	6.98	9.17188px	9.17188px	6.98px	6.98px	[604.2838745117188,166.71148681640625,1034.9881591796875,719.7614135742188]	[1018.8362791796875,703.6095335742187,1028.0081591796875,712.7814135742187]	/tmp/webui-craft-round4-s9.18-i6.98.png	3a7935f68e1bfc1bf9bde6541eb6a336d3d51796133da9de1bb3b60057886c84	(1991,1359)-(2060,1428)/139/touch=0/min=1/selected=0;(2028,1397)-(2050,1418)/275/touch=0/min=1/selected=1	(2028,1397)-(2050,1418)	20,20
9.18	6.97	9.17188px	9.17188px	6.97px	6.97px	[604.2838745117188,166.71148681640625,1034.9881591796875,719.7614135742188]	[1018.8462791796875,703.6195335742187,1028.0181591796875,712.7914135742187]	/tmp/webui-craft-round4-s9.18-i6.97.png	3a7935f68e1bfc1bf9bde6541eb6a336d3d51796133da9de1bb3b60057886c84	(1991,1359)-(2060,1428)/139/touch=0/min=1/selected=0;(2028,1397)-(2050,1418)/275/touch=0/min=1/selected=1	(2028,1397)-(2050,1418)	20,20
9.18	6.96	9.17188px	9.17188px	6.96px	6.96px	[604.2838745117188,166.71148681640625,1034.9881591796875,719.7614135742188]	[1018.8562791796875,703.6295335742187,1028.0281591796875,712.8014135742187]	/tmp/webui-craft-round4-s9.18-i6.96.png	589067738c390bc7619b5a6c09638c4899ca8acd9daa2db768d72b9282d2bb2b	(1991,1359)-(2060,1428)/139/touch=0/min=1/selected=0;(2028,1397)-(2050,1418)/275/touch=0/min=1/selected=1	(2028,1397)-(2050,1418)	20,20
9.18	6.94	9.17188px	9.17188px	6.94px	6.94px	[604.2838745117188,166.71148681640625,1034.9881591796875,719.7614135742188]	[1018.8762791796875,703.6495335742187,1028.0481591796874,712.8214135742187]	/tmp/webui-craft-round4-s9.18-i6.94.png	d0f6b4899943a69dc125e4b70c388d6a136c2cc93825490d78808785a871cd84	(1991,1359)-(2060,1428)/139/touch=0/min=1/selected=0;(2028,1397)-(2050,1418)/275/touch=0/min=1/selected=1	(2028,1397)-(2050,1418)	20,20
9.18	6.93	9.17188px	9.17188px	6.93px	6.93px	[604.2838745117188,166.71148681640625,1034.9881591796875,719.7614135742188]	[1018.8862791796874,703.6595335742188,1028.0581591796874,712.8314135742188]	/tmp/webui-craft-round4-s9.18-i6.93.png	5524971db8b7fd10f7a64d369fe08c89766dba3681f00a9004defc2b386e721d	(1991,1359)-(2060,1428)/139/touch=0/min=1/selected=0;(2028,1397)-(2050,1418)/275/touch=0/min=1/selected=1	(2028,1397)-(2050,1418)	20,20
9.18	6.91	9.17188px	9.17188px	6.91px	6.91px	[604.2838745117188,166.71148681640625,1034.9881591796875,719.7614135742188]	[1018.9062791796874,703.6795335742188,1028.0781591796874,712.8514135742188]	/tmp/webui-craft-round4-s9.18-i6.91.png	7aa1e64be1f8b258255afaa5ee62ac06748255e1da2b9142f9051b7606e7711b	(1991,1359)-(2060,1428)/139/touch=0/min=1/selected=0;(2028,1397)-(2050,1418)/275/touch=0/min=1/selected=1	(2028,1397)-(2050,1418)	20,20
9.18	6.87	9.17188px	9.17188px	6.87px	6.87px	[604.2838745117188,166.71148681640625,1034.9881591796875,719.7614135742188]	[1018.9462791796876,703.7195335742188,1028.1181591796876,712.8914135742187]	/tmp/webui-craft-round4-s9.18-i6.87.png	cbbde10e86ff09fb64ba21cc38e79e840fb22741b746b2d28e03da008226f6d0	(1991,1359)-(2060,1428)/139/touch=0/min=1/selected=0;(2028,1397)-(2050,1418)/275/touch=0/min=1/selected=1	(2028,1397)-(2050,1418)	20,20
9.18	6.86	9.17188px	9.17188px	6.86px	6.86px	[604.2838745117188,166.71148681640625,1034.9881591796875,719.7614135742188]	[1018.9562791796876,703.7295335742187,1028.1281591796876,712.9014135742187]	/tmp/webui-craft-round4-s9.18-i6.86.png	cbbde10e86ff09fb64ba21cc38e79e840fb22741b746b2d28e03da008226f6d0	(1991,1359)-(2060,1428)/139/touch=0/min=1/selected=0;(2028,1397)-(2050,1418)/275/touch=0/min=1/selected=1	(2028,1397)-(2050,1418)	20,20
9.18	6.85	9.17188px	9.17188px	6.85px	6.85px	[604.2838745117188,166.71148681640625,1034.9881591796875,719.7614135742188]	[1018.9662791796876,703.7395335742187,1028.1381591796876,712.9114135742187]	/tmp/webui-craft-round4-s9.18-i6.85.png	32d529098bddb3745fad66fc62be3099f5053b11d2f9ca1232231d9fbca1b003	(1991,1359)-(2060,1428)/139/touch=0/min=1/selected=0;(2028,1397)-(2050,1418)/275/touch=0/min=1/selected=1	(2028,1397)-(2050,1418)	20,20
9.18	6.83	9.17188px	9.17188px	6.83px	6.83px	[604.2838745117188,166.71148681640625,1034.9881591796875,719.7614135742188]	[1018.9862791796876,703.7595335742187,1028.1581591796876,712.9314135742187]	/tmp/webui-craft-round4-s9.18-i6.83.png	259d2e364b55f708e4ea9d032553cc766eb025ee61db46d188db754dec046c4a	(1991,1359)-(2060,1428)/139/touch=0/min=1/selected=0;(2028,1397)-(2050,1418)/275/touch=0/min=1/selected=1	(2028,1397)-(2050,1418)	20,20
9.18	6.82	9.17188px	9.17188px	6.82px	6.82px	[604.2838745117188,166.71148681640625,1034.9881591796875,719.7614135742188]	[1018.9962791796876,703.7695335742187,1028.1681591796876,712.9414135742187]	/tmp/webui-craft-round4-s9.18-i6.82.png	70347e533d06a41f3d798eb9a991756ea82ae6831072d3d7e6b523a01e964107	(1991,1359)-(2060,1428)/139/touch=0/min=1/selected=0;(2028,1397)-(2050,1418)/254/touch=0/min=1/selected=1	(2028,1397)-(2050,1418)	20,20
9.18	6.81	9.17188px	9.17188px	6.81px	6.81px	[604.2838745117188,166.71148681640625,1034.9881591796875,719.7614135742188]	[1019.0062791796876,703.7795335742188,1028.1781591796876,712.9514135742188]	/tmp/webui-craft-round4-s9.18-i6.81.png	63a62465e116fbdb131c62bc64504322e5e112137b21e3349e661ba7e74124f0	(1991,1359)-(2060,1428)/139/touch=0/min=1/selected=0;(2029,1397)-(2050,1418)/253/touch=0/min=1/selected=1	(2029,1397)-(2050,1418)	20,20
9.18	6.69	9.17188px	9.17188px	6.69px	6.69px	[604.2838745117188,166.71148681640625,1034.9881591796875,719.7614135742188]	[1019.1262791796875,703.8995335742187,1028.2981591796874,713.0714135742187]	/tmp/webui-craft-round4-s9.18-i6.69.png	e089a78aa2e02b9f67f33b1017698e713989f4b459dcce9f0e10108aee5ee934	(1991,1359)-(2060,1428)/139/touch=0/min=1/selected=0;(2029,1397)-(2050,1418)/253/touch=0/min=1/selected=1	(2029,1397)-(2050,1418)	20,20
9.18	6.68	9.17188px	9.17188px	6.68px	6.68px	[604.2838745117188,166.71148681640625,1034.9881591796875,719.7614135742188]	[1019.1362791796874,703.9095335742188,1028.3081591796874,713.0814135742188]	/tmp/webui-craft-round4-s9.18-i6.68.png	40c2bb4308e5ab9703e8c721fc4075cf2d2cd884938f0a850e9b8175e9be2d41	(1991,1359)-(2060,1428)/139/touch=0/min=1/selected=0;(2029,1397)-(2050,1418)/253/touch=0/min=1/selected=1	(2029,1397)-(2050,1418)	20,20
9.18	6.62	9.17188px	9.17188px	6.62px	6.62px	[604.2838745117188,166.71148681640625,1034.9881591796875,719.7614135742188]	[1019.1962791796876,703.9695335742188,1028.3681591796876,713.1414135742187]	/tmp/webui-craft-round4-s9.18-i6.62.png	f254cbaf07e418cfc0de0995876c69e63dfcbc6876d0a92b2533bd6b76a1fd81	(1991,1359)-(2060,1428)/139/touch=0/min=1/selected=0;(2030,1398)-(2050,1418)/231/touch=0/min=1/selected=1	(2030,1398)-(2050,1418)	20,20
9.18	6.50	9.17188px	9.17188px	6.5px	6.5px	[604.2838745117188,166.71148681640625,1034.9881591796875,719.7614135742188]	[1019.3162791796875,704.0895335742188,1028.4881591796875,713.2614135742188]	/tmp/webui-craft-round4-s9.18-i6.50.png	0863714fb9b456dff70212b5563099afe349fc47c134dd303283e31487854a54	(1991,1359)-(2060,1428)/139/touch=0/min=1/selected=0;(2030,1398)-(2050,1418)/231/touch=0/min=1/selected=1	(2030,1398)-(2050,1418)	20,20
